Song,Combination Number,A_Melody1.wav,B_Melody2.wav,C_Melody3.wav,E_Harmony1.wav,F_Harmony2.wav,H_AddVoice1.wav,I_AddVoice2.wav,J_AddVoice3.wav,L_Bass1.wav,M_Bass2.wav,O_BassDrum.wav,P_Percussion.wav,Q_Ambient1.wav,R_Ambient2.wav,S_Ambient3.wav,Output File
Ants Go Marching,845,ON,OFF,OFF,ON,OFF,ON,OFF,OFF,ON,OFF,ON,ON,ON,OFF,OFF,Combined_Songs\Ants Go Marching_combined_songs\Ants Go Marching_combination_845.wav
Ants Go Marching,846,ON,OFF,OFF,ON,OFF,ON,OFF,OFF,ON,OFF,ON,ON,OFF,ON,OFF,Combined_Songs\Ants Go Marching_combined_songs\Ants Go Marching_combination_846.wav
Ants Go Marching,847,ON,OFF,OFF,ON,OFF,ON,OFF,OFF,ON,OFF,ON,ON,OFF,OFF,ON,Combined_Songs\Ants Go Marching_combined_songs\Ants Go Marching_combination_847.wav
Ants Go Marching,861,ON,OFF,OFF,ON,OFF,ON,OFF,OFF,OFF,ON,ON,ON,ON,OFF,OFF,Combined_Songs\Ants Go Marching_combined_songs\Ants Go Marching_combination_861.wav
Ants Go Marching,862,ON,OFF,OFF,ON,OFF,ON,OFF,OFF,OFF,ON,ON,ON,OFF,ON,OFF,Combined_Songs\Ants Go Marching_combined_songs\Ants Go Marching_combination_862.wav
Ants Go Marching,863,ON,OFF,OFF,ON,OFF,ON,OFF,OFF,OFF,ON,ON,ON,OFF,OFF,ON,Combined_Songs\Ants Go Marching_combined_songs\Ants Go Marching_combination_863.wav
Ants Go Marching,893,ON,OFF,OFF,ON,OFF,OFF,ON,OFF,ON,OFF,ON,ON,ON,OFF,OFF,Combined_Songs\Ants Go Marching_combined_songs\Ants Go Marching_combination_893.wav
Ants Go Marching,894,ON,OFF,OFF,ON,OFF,OFF,ON,OFF,ON,OFF,ON,ON,OFF,ON,OFF,Combined_Songs\Ants Go Marching_combined_songs\Ants Go Marching_combination_894.wav
Ants Go Marching,895,ON,OFF,OFF,ON,OFF,OFF,ON,OFF,ON,OFF,ON,ON,OFF,OFF,ON,Combined_Songs\Ants Go Marching_combined_songs\Ants Go Marching_combination_895.wav
Ants Go Marching,909,ON,OFF,OFF,ON,OFF,OFF,ON,OFF,OFF,ON,ON,ON,ON,OFF,OFF,Combined_Songs\Ants Go Marching_combined_songs\Ants Go Marching_combination_909.wav
Ants Go Marching,910,ON,OFF,OFF,ON,OFF,OFF,ON,OFF,OFF,ON,ON,ON,OFF,ON,OFF,Combined_Songs\Ants Go Marching_combined_songs\Ants Go Marching_combination_910.wav
Ants Go Marching,911,ON,OFF,OFF,ON,OFF,OFF,ON,OFF,OFF,ON,ON,ON,OFF,OFF,ON,Combined_Songs\Ants Go Marching_combined_songs\Ants Go Marching_combination_911.wav
Ants Go Marching,941,ON,OFF,OFF,ON,OFF,OFF,OFF,ON,ON,OFF,ON,ON,ON,OFF,OFF,Combined_Songs\Ants Go Marching_combined_songs\Ants Go Marching_combination_941.wav
Ants Go Marching,942,ON,OFF,OFF,ON,OFF,OFF,OFF,ON,ON,OFF,ON,ON,OFF,ON,OFF,Combined_Songs\Ants Go Marching_combined_songs\Ants Go Marching_combination_942.wav
Ants Go Marching,943,ON,OFF,OFF,ON,OFF,OFF,OFF,ON,ON,OFF,ON,ON,OFF,OFF,ON,Combined_Songs\Ants Go Marching_combined_songs\Ants Go Marching_combination_943.wav
Ants Go Marching,957,ON,OFF,OFF,ON,OFF,OFF,OFF,ON,OFF,ON,ON,ON,ON,OFF,OFF,Combined_Songs\Ants Go Marching_combined_songs\Ants Go Marching_combination_957.wav
Ants Go Marching,958,ON,OFF,OFF,ON,OFF,OFF,OFF,ON,OFF,ON,ON,ON,OFF,ON,OFF,Combined_Songs\Ants Go Marching_combined_songs\Ants Go Marching_combination_958.wav
Ants Go Marching,959,ON,OFF,OFF,ON,OFF,OFF,OFF,ON,OFF,ON,ON,ON,OFF,OFF,ON,Combined_Songs\Ants Go Marching_combined_songs\Ants Go Marching_combination_959.wav
Ants Go Marching,1037,ON,OFF,OFF,OFF,ON,ON,OFF,OFF,ON,OFF,ON,ON,ON,OFF,OFF,Combined_Songs\Ants Go Marching_combined_songs\Ants Go Marching_combination_1037.wav
Ants Go Marching,1038,ON,OFF,OFF,OFF,ON,ON,OFF,OFF,ON,OFF,ON,ON,OFF,ON,OFF,Combined_Songs\Ants Go Marching_combined_songs\Ants Go Marching_combination_1038.wav
Ants Go Marching,1039,ON,OFF,OFF,OFF,ON,ON,OFF,OFF,ON,OFF,ON,ON,OFF,OFF,ON,Combined_Songs\Ants Go Marching_combined_songs\Ants Go Marching_combination_1039.wav
Ants Go Marching,1053,ON,OFF,OFF,OFF,ON,ON,OFF,OFF,OFF,ON,ON,ON,ON,OFF,OFF,Combined_Songs\Ants Go Marching_combined_songs\Ants Go Marching_combination_1053.wav
Ants Go Marching,1054,ON,OFF,OFF,OFF,ON,ON,OFF,OFF,OFF,ON,ON,ON,OFF,ON,OFF,Combined_Songs\Ants Go Marching_combined_songs\Ants Go Marching_combination_1054.wav
Ants Go Marching,1055,ON,OFF,OFF,OFF,ON,ON,OFF,OFF,OFF,ON,ON,ON,OFF,OFF,ON,Combined_Songs\Ants Go Marching_combined_songs\Ants Go Marching_combination_1055.wav
Ants Go Marching,1085,ON,OFF,OFF,OFF,ON,OFF,ON,OFF,ON,OFF,ON,ON,ON,OFF,OFF,Combined_Songs\Ants Go Marching_combined_songs\Ants Go Marching_combination_1085.wav
Ants Go Marching,1086,ON,OFF,OFF,OFF,ON,OFF,ON,OFF,ON,OFF,ON,ON,OFF,ON,OFF,Combined_Songs\Ants Go Marching_combined_songs\Ants Go Marching_combination_1086.wav
Ants Go Marching,1087,ON,OFF,OFF,OFF,ON,OFF,ON,OFF,ON,OFF,ON,ON,OFF,OFF,ON,Combined_Songs\Ants Go Marching_combined_songs\Ants Go Marching_combination_1087.wav
Ants Go Marching,1101,ON,OFF,OFF,OFF,ON,OFF,ON,OFF,OFF,ON,ON,ON,ON,OFF,OFF,Combined_Songs\Ants Go Marching_combined_songs\Ants Go Marching_combination_1101.wav
Ants Go Marching,1102,ON,OFF,OFF,OFF,ON,OFF,ON,OFF,OFF,ON,ON,ON,OFF,ON,OFF,Combined_Songs\Ants Go Marching_combined_songs\Ants Go Marching_combination_1102.wav
Ants Go Marching,1103,ON,OFF,OFF,OFF,ON,OFF,ON,OFF,OFF,ON,ON,ON,OFF,OFF,ON,Combined_Songs\Ants Go Marching_combined_songs\Ants Go Marching_combination_1103.wav
Ants Go Marching,1133,ON,OFF,OFF,OFF,ON,OFF,OFF,ON,ON,OFF,ON,ON,ON,OFF,OFF,Combined_Songs\Ants Go Marching_combined_songs\Ants Go Marching_combination_1133.wav
Ants Go Marching,1134,ON,OFF,OFF,OFF,ON,OFF,OFF,ON,ON,OFF,ON,ON,OFF,ON,OFF,Combined_Songs\Ants Go Marching_combined_songs\Ants Go Marching_combination_1134.wav
Ants Go Marching,1135,ON,OFF,OFF,OFF,ON,OFF,OFF,ON,ON,OFF,ON,ON,OFF,OFF,ON,Combined_Songs\Ants Go Marching_combined_songs\Ants Go Marching_combination_1135.wav
Ants Go Marching,1149,ON,OFF,OFF,OFF,ON,OFF,OFF,ON,OFF,ON,ON,ON,ON,OFF,OFF,Combined_Songs\Ants Go Marching_combined_songs\Ants Go Marching_combination_1149.wav
Ants Go Marching,1150,ON,OFF,OFF,OFF,ON,OFF,OFF,ON,OFF,ON,ON,ON,OFF,ON,OFF,Combined_Songs\Ants Go Marching_combined_songs\Ants Go Marching_combination_1150.wav
Ants Go Marching,1151,ON,OFF,OFF,OFF,ON,OFF,OFF,ON,OFF,ON,ON,ON,OFF,OFF,ON,Combined_Songs\Ants Go Marching_combined_songs\Ants Go Marching_combination_1151.wav
Ants Go Marching,1421,OFF,ON,OFF,ON,OFF,ON,OFF,OFF,ON,OFF,ON,ON,ON,OFF,OFF,Combined_Songs\Ants Go Marching_combined_songs\Ants Go Marching_combination_1421.wav
Ants Go Marching,1422,OFF,ON,OFF,ON,OFF,ON,OFF,OFF,ON,OFF,ON,ON,OFF,ON,OFF,Combined_Songs\Ants Go Marching_combined_songs\Ants Go Marching_combination_1422.wav
Ants Go Marching,1423,OFF,ON,OFF,ON,OFF,ON,OFF,OFF,ON,OFF,ON,ON,OFF,OFF,ON,Combined_Songs\Ants Go Marching_combined_songs\Ants Go Marching_combination_1423.wav
Ants Go Marching,1437,OFF,ON,OFF,ON,OFF,ON,OFF,OFF,OFF,ON,ON,ON,ON,OFF,OFF,Combined_Songs\Ants Go Marching_combined_songs\Ants Go Marching_combination_1437.wav
Ants Go Marching,1438,OFF,ON,OFF,ON,OFF,ON,OFF,OFF,OFF,ON,ON,ON,OFF,ON,OFF,Combined_Songs\Ants Go Marching_combined_songs\Ants Go Marching_combination_1438.wav
Ants Go Marching,1439,OFF,ON,OFF,ON,OFF,ON,OFF,OFF,OFF,ON,ON,ON,OFF,OFF,ON,Combined_Songs\Ants Go Marching_combined_songs\Ants Go Marching_combination_1439.wav
Ants Go Marching,1469,OFF,ON,OFF,ON,OFF,OFF,ON,OFF,ON,OFF,ON,ON,ON,OFF,OFF,Combined_Songs\Ants Go Marching_combined_songs\Ants Go Marching_combination_1469.wav
Ants Go Marching,1470,OFF,ON,OFF,ON,OFF,OFF,ON,OFF,ON,OFF,ON,ON,OFF,ON,OFF,Combined_Songs\Ants Go Marching_combined_songs\Ants Go Marching_combination_1470.wav
Ants Go Marching,1471,OFF,ON,OFF,ON,OFF,OFF,ON,OFF,ON,OFF,ON,ON,OFF,OFF,ON,Combined_Songs\Ants Go Marching_combined_songs\Ants Go Marching_combination_1471.wav
Ants Go Marching,1485,OFF,ON,OFF,ON,OFF,OFF,ON,OFF,OFF,ON,ON,ON,ON,OFF,OFF,Combined_Songs\Ants Go Marching_combined_songs\Ants Go Marching_combination_1485.wav
Ants Go Marching,1486,OFF,ON,OFF,ON,OFF,OFF,ON,OFF,OFF,ON,ON,ON,OFF,ON,OFF,Combined_Songs\Ants Go Marching_combined_songs\Ants Go Marching_combination_1486.wav
Ants Go Marching,1487,OFF,ON,OFF,ON,OFF,OFF,ON,OFF,OFF,ON,ON,ON,OFF,OFF,ON,Combined_Songs\Ants Go Marching_combined_songs\Ants Go Marching_combination_1487.wav
Ants Go Marching,1517,OFF,ON,OFF,ON,OFF,OFF,OFF,ON,ON,OFF,ON,ON,ON,OFF,OFF,Combined_Songs\Ants Go Marching_combined_songs\Ants Go Marching_combination_1517.wav
Ants Go Marching,1518,OFF,ON,OFF,ON,OFF,OFF,OFF,ON,ON,OFF,ON,ON,OFF,ON,OFF,Combined_Songs\Ants Go Marching_combined_songs\Ants Go Marching_combination_1518.wav
Ants Go Marching,1519,OFF,ON,OFF,ON,OFF,OFF,OFF,ON,ON,OFF,ON,ON,OFF,OFF,ON,Combined_Songs\Ants Go Marching_combined_songs\Ants Go Marching_combination_1519.wav
Ants Go Marching,1533,OFF,ON,OFF,ON,OFF,OFF,OFF,ON,OFF,ON,ON,ON,ON,OFF,OFF,Combined_Songs\Ants Go Marching_combined_songs\Ants Go Marching_combination_1533.wav
Ants Go Marching,1534,OFF,ON,OFF,ON,OFF,OFF,OFF,ON,OFF,ON,ON,ON,OFF,ON,OFF,Combined_Songs\Ants Go Marching_combined_songs\Ants Go Marching_combination_1534.wav
Ants Go Marching,1535,OFF,ON,OFF,ON,OFF,OFF,OFF,ON,OFF,ON,ON,ON,OFF,OFF,ON,Combined_Songs\Ants Go Marching_combined_songs\Ants Go Marching_combination_1535.wav
Ants Go Marching,1613,OFF,ON,OFF,OFF,ON,ON,OFF,OFF,ON,OFF,ON,ON,ON,OFF,OFF,Combined_Songs\Ants Go Marching_combined_songs\Ants Go Marching_combination_1613.wav
Ants Go Marching,1614,OFF,ON,OFF,OFF,ON,ON,OFF,OFF,ON,OFF,ON,ON,OFF,ON,OFF,Combined_Songs\Ants Go Marching_combined_songs\Ants Go Marching_combination_1614.wav
Ants Go Marching,1615,OFF,ON,OFF,OFF,ON,ON,OFF,OFF,ON,OFF,ON,ON,OFF,OFF,ON,Combined_Songs\Ants Go Marching_combined_songs\Ants Go Marching_combination_1615.wav
Ants Go Marching,1629,OFF,ON,OFF,OFF,ON,ON,OFF,OFF,OFF,ON,ON,ON,ON,OFF,OFF,Combined_Songs\Ants Go Marching_combined_songs\Ants Go Marching_combination_1629.wav
Ants Go Marching,1630,OFF,ON,OFF,OFF,ON,ON,OFF,OFF,OFF,ON,ON,ON,OFF,ON,OFF,Combined_Songs\Ants Go Marching_combined_songs\Ants Go Marching_combination_1630.wav
Ants Go Marching,1631,OFF,ON,OFF,OFF,ON,ON,OFF,OFF,OFF,ON,ON,ON,OFF,OFF,ON,Combined_Songs\Ants Go Marching_combined_songs\Ants Go Marching_combination_1631.wav
Ants Go Marching,1661,OFF,ON,OFF,OFF,ON,OFF,ON,OFF,ON,OFF,ON,ON,ON,OFF,OFF,Combined_Songs\Ants Go Marching_combined_songs\Ants Go Marching_combination_1661.wav
Ants Go Marching,1662,OFF,ON,OFF,OFF,ON,OFF,ON,OFF,ON,OFF,ON,ON,OFF,ON,OFF,Combined_Songs\Ants Go Marching_combined_songs\Ants Go Marching_combination_1662.wav
Ants Go Marching,1663,OFF,ON,OFF,OFF,ON,OFF,ON,OFF,ON,OFF,ON,ON,OFF,OFF,ON,Combined_Songs\Ants Go Marching_combined_songs\Ants Go Marching_combination_1663.wav
Ants Go Marching,1677,OFF,ON,OFF,OFF,ON,OFF,ON,OFF,OFF,ON,ON,ON,ON,OFF,OFF,Combined_Songs\Ants Go Marching_combined_songs\Ants Go Marching_combination_1677.wav
Ants Go Marching,1678,OFF,ON,OFF,OFF,ON,OFF,ON,OFF,OFF,ON,ON,ON,OFF,ON,OFF,Combined_Songs\Ants Go Marching_combined_songs\Ants Go Marching_combination_1678.wav
Ants Go Marching,1679,OFF,ON,OFF,OFF,ON,OFF,ON,OFF,OFF,ON,ON,ON,OFF,OFF,ON,Combined_Songs\Ants Go Marching_combined_songs\Ants Go Marching_combination_1679.wav
Ants Go Marching,1709,OFF,ON,OFF,OFF,ON,OFF,OFF,ON,ON,OFF,ON,ON,ON,OFF,OFF,Combined_Songs\Ants Go Marching_combined_songs\Ants Go Marching_combination_1709.wav
Ants Go Marching,1710,OFF,ON,OFF,OFF,ON,OFF,OFF,ON,ON,OFF,ON,ON,OFF,ON,OFF,Combined_Songs\Ants Go Marching_combined_songs\Ants Go Marching_combination_1710.wav
Ants Go Marching,1711,OFF,ON,OFF,OFF,ON,OFF,OFF,ON,ON,OFF,ON,ON,OFF,OFF,ON,Combined_Songs\Ants Go Marching_combined_songs\Ants Go Marching_combination_1711.wav
Ants Go Marching,1725,OFF,ON,OFF,OFF,ON,OFF,OFF,ON,OFF,ON,ON,ON,ON,OFF,OFF,Combined_Songs\Ants Go Marching_combined_songs\Ants Go Marching_combination_1725.wav
Ants Go Marching,1726,OFF,ON,OFF,OFF,ON,OFF,OFF,ON,OFF,ON,ON,ON,OFF,ON,OFF,Combined_Songs\Ants Go Marching_combined_songs\Ants Go Marching_combination_1726.wav
Ants Go Marching,1727,OFF,ON,OFF,OFF,ON,OFF,OFF,ON,OFF,ON,ON,ON,OFF,OFF,ON,Combined_Songs\Ants Go Marching_combined_songs\Ants Go Marching_combination_1727.wav
Ants Go Marching,1997,OFF,OFF,ON,ON,OFF,ON,OFF,OFF,ON,OFF,ON,ON,ON,OFF,OFF,Combined_Songs\Ants Go Marching_combined_songs\Ants Go Marching_combination_1997.wav
Ants Go Marching,1998,OFF,OFF,ON,ON,OFF,ON,OFF,OFF,ON,OFF,ON,ON,OFF,ON,OFF,Combined_Songs\Ants Go Marching_combined_songs\Ants Go Marching_combination_1998.wav
Ants Go Marching,1999,OFF,OFF,ON,ON,OFF,ON,OFF,OFF,ON,OFF,ON,ON,OFF,OFF,ON,Combined_Songs\Ants Go Marching_combined_songs\Ants Go Marching_combination_1999.wav
Ants Go Marching,2013,OFF,OFF,ON,ON,OFF,ON,OFF,OFF,OFF,ON,ON,ON,ON,OFF,OFF,Combined_Songs\Ants Go Marching_combined_songs\Ants Go Marching_combination_2013.wav
Ants Go Marching,2014,OFF,OFF,ON,ON,OFF,ON,OFF,OFF,OFF,ON,ON,ON,OFF,ON,OFF,Combined_Songs\Ants Go Marching_combined_songs\Ants Go Marching_combination_2014.wav
Ants Go Marching,2015,OFF,OFF,ON,ON,OFF,ON,OFF,OFF,OFF,ON,ON,ON,OFF,OFF,ON,Combined_Songs\Ants Go Marching_combined_songs\Ants Go Marching_combination_2015.wav
Ants Go Marching,2045,OFF,OFF,ON,ON,OFF,OFF,ON,OFF,ON,OFF,ON,ON,ON,OFF,OFF,Combined_Songs\Ants Go Marching_combined_songs\Ants Go Marching_combination_2045.wav
Ants Go Marching,2046,OFF,OFF,ON,ON,OFF,OFF,ON,OFF,ON,OFF,ON,ON,OFF,ON,OFF,Combined_Songs\Ants Go Marching_combined_songs\Ants Go Marching_combination_2046.wav
Ants Go Marching,2047,OFF,OFF,ON,ON,OFF,OFF,ON,OFF,ON,OFF,ON,ON,OFF,OFF,ON,Combined_Songs\Ants Go Marching_combined_songs\Ants Go Marching_combination_2047.wav
Ants Go Marching,2061,OFF,OFF,ON,ON,OFF,OFF,ON,OFF,OFF,ON,ON,ON,ON,OFF,OFF,Combined_Songs\Ants Go Marching_combined_songs\Ants Go Marching_combination_2061.wav
Ants Go Marching,2062,OFF,OFF,ON,ON,OFF,OFF,ON,OFF,OFF,ON,ON,ON,OFF,ON,OFF,Combined_Songs\Ants Go Marching_combined_songs\Ants Go Marching_combination_2062.wav
Ants Go Marching,2063,OFF,OFF,ON,ON,OFF,OFF,ON,OFF,OFF,ON,ON,ON,OFF,OFF,ON,Combined_Songs\Ants Go Marching_combined_songs\Ants Go Marching_combination_2063.wav
Ants Go Marching,2093,OFF,OFF,ON,ON,OFF,OFF,OFF,ON,ON,OFF,ON,ON,ON,OFF,OFF,Combined_Songs\Ants Go Marching_combined_songs\Ants Go Marching_combination_2093.wav
Ants Go Marching,2094,OFF,OFF,ON,ON,OFF,OFF,OFF,ON,ON,OFF,ON,ON,OFF,ON,OFF,Combined_Songs\Ants Go Marching_combined_songs\Ants Go Marching_combination_2094.wav
Ants Go Marching,2095,OFF,OFF,ON,ON,OFF,OFF,OFF,ON,ON,OFF,ON,ON,OFF,OFF,ON,Combined_Songs\Ants Go Marching_combined_songs\Ants Go Marching_combination_2095.wav
Ants Go Marching,2109,OFF,OFF,ON,ON,OFF,OFF,OFF,ON,OFF,ON,ON,ON,ON,OFF,OFF,Combined_Songs\Ants Go Marching_combined_songs\Ants Go Marching_combination_2109.wav
Ants Go Marching,2110,OFF,OFF,ON,ON,OFF,OFF,OFF,ON,OFF,ON,ON,ON,OFF,ON,OFF,Combined_Songs\Ants Go Marching_combined_songs\Ants Go Marching_combination_2110.wav
Ants Go Marching,2111,OFF,OFF,ON,ON,OFF,OFF,OFF,ON,OFF,ON,ON,ON,OFF,OFF,ON,Combined_Songs\Ants Go Marching_combined_songs\Ants Go Marching_combination_2111.wav
Ants Go Marching,2189,OFF,OFF,ON,OFF,ON,ON,OFF,OFF,ON,OFF,ON,ON,ON,OFF,OFF,Combined_Songs\Ants Go Marching_combined_songs\Ants Go Marching_combination_2189.wav
Ants Go Marching,2190,OFF,OFF,ON,OFF,ON,ON,OFF,OFF,ON,OFF,ON,ON,OFF,ON,OFF,Combined_Songs\Ants Go Marching_combined_songs\Ants Go Marching_combination_2190.wav
Ants Go Marching,2191,OFF,OFF,ON,OFF,ON,ON,OFF,OFF,ON,OFF,ON,ON,OFF,OFF,ON,Combined_Songs\Ants Go Marching_combined_songs\Ants Go Marching_combination_2191.wav
Ants Go Marching,2205,OFF,OFF,ON,OFF,ON,ON,OFF,OFF,OFF,ON,ON,ON,ON,OFF,OFF,Combined_Songs\Ants Go Marching_combined_songs\Ants Go Marching_combination_2205.wav
Ants Go Marching,2206,OFF,OFF,ON,OFF,ON,ON,OFF,OFF,OFF,ON,ON,ON,OFF,ON,OFF,Combined_Songs\Ants Go Marching_combined_songs\Ants Go Marching_combination_2206.wav
Ants Go Marching,2207,OFF,OFF,ON,OFF,ON,ON,OFF,OFF,OFF,ON,ON,ON,OFF,OFF,ON,Combined_Songs\Ants Go Marching_combined_songs\Ants Go Marching_combination_2207.wav
Ants Go Marching,2237,OFF,OFF,ON,OFF,ON,OFF,ON,OFF,ON,OFF,ON,ON,ON,OFF,OFF,Combined_Songs\Ants Go Marching_combined_songs\Ants Go Marching_combination_2237.wav
Ants Go Marching,2238,OFF,OFF,ON,OFF,ON,OFF,ON,OFF,ON,OFF,ON,ON,OFF,ON,OFF,Combined_Songs\Ants Go Marching_combined_songs\Ants Go Marching_combination_2238.wav
Ants Go Marching,2239,OFF,OFF,ON,OFF,ON,OFF,ON,OFF,ON,OFF,ON,ON,OFF,OFF,ON,Combined_Songs\Ants Go Marching_combined_songs\Ants Go Marching_combination_2239.wav
Ants Go Marching,2253,OFF,OFF,ON,OFF,ON,OFF,ON,OFF,OFF,ON,ON,ON,ON,OFF,OFF,Combined_Songs\Ants Go Marching_combined_songs\Ants Go Marching_combination_2253.wav
Ants Go Marching,2254,OFF,OFF,ON,OFF,ON,OFF,ON,OFF,OFF,ON,ON,ON,OFF,ON,OFF,Combined_Songs\Ants Go Marching_combined_songs\Ants Go Marching_combination_2254.wav
Ants Go Marching,2255,OFF,OFF,ON,OFF,ON,OFF,ON,OFF,OFF,ON,ON,ON,OFF,OFF,ON,Combined_Songs\Ants Go Marching_combined_songs\Ants Go Marching_combination_2255.wav
Ants Go Marching,2285,OFF,OFF,ON,OFF,ON,OFF,OFF,ON,ON,OFF,ON,ON,ON,OFF,OFF,Combined_Songs\Ants Go Marching_combined_songs\Ants Go Marching_combination_2285.wav
Ants Go Marching,2286,OFF,OFF,ON,OFF,ON,OFF,OFF,ON,ON,OFF,ON,ON,OFF,ON,OFF,Combined_Songs\Ants Go Marching_combined_songs\Ants Go Marching_combination_2286.wav
Ants Go Marching,2287,OFF,OFF,ON,OFF,ON,OFF,OFF,ON,ON,OFF,ON,ON,OFF,OFF,ON,Combined_Songs\Ants Go Marching_combined_songs\Ants Go Marching_combination_2287.wav
Ants Go Marching,2301,OFF,OFF,ON,OFF,ON,OFF,OFF,ON,OFF,ON,ON,ON,ON,OFF,OFF,Combined_Songs\Ants Go Marching_combined_songs\Ants Go Marching_combination_2301.wav
Ants Go Marching,2302,OFF,OFF,ON,OFF,ON,OFF,OFF,ON,OFF,ON,ON,ON,OFF,ON,OFF,Combined_Songs\Ants Go Marching_combined_songs\Ants Go Marching_combination_2302.wav
Ants Go Marching,2303,OFF,OFF,ON,OFF,ON,OFF,OFF,ON,OFF,ON,ON,ON,OFF,OFF,ON,Combined_Songs\Ants Go Marching_combined_songs\Ants Go Marching_combination_2303.wav
Row Row Row,845,ON,OFF,OFF,ON,OFF,ON,OFF,OFF,ON,OFF,ON,ON,ON,OFF,OFF,Combined_Songs\Row Row Row_combined_songs\Row Row Row_combination_845.wav
Row Row Row,846,ON,OFF,OFF,ON,OFF,ON,OFF,OFF,ON,OFF,ON,ON,OFF,ON,OFF,Combined_Songs\Row Row Row_combined_songs\Row Row Row_combination_846.wav
Row Row Row,847,ON,OFF,OFF,ON,OFF,ON,OFF,OFF,ON,OFF,ON,ON,OFF,OFF,ON,Combined_Songs\Row Row Row_combined_songs\Row Row Row_combination_847.wav
Row Row Row,861,ON,OFF,OFF,ON,OFF,ON,OFF,OFF,OFF,ON,ON,ON,ON,OFF,OFF,Combined_Songs\Row Row Row_combined_songs\Row Row Row_combination_861.wav
Row Row Row,862,ON,OFF,OFF,ON,OFF,ON,OFF,OFF,OFF,ON,ON,ON,OFF,ON,OFF,Combined_Songs\Row Row Row_combined_songs\Row Row Row_combination_862.wav
Row Row Row,863,ON,OFF,OFF,ON,OFF,ON,OFF,OFF,OFF,ON,ON,ON,OFF,OFF,ON,Combined_Songs\Row Row Row_combined_songs\Row Row Row_combination_863.wav
Row Row Row,893,ON,OFF,OFF,ON,OFF,OFF,ON,OFF,ON,OFF,ON,ON,ON,OFF,OFF,Combined_Songs\Row Row Row_combined_songs\Row Row Row_combination_893.wav
Row Row Row,894,ON,OFF,OFF,ON,OFF,OFF,ON,OFF,ON,OFF,ON,ON,OFF,ON,OFF,Combined_Songs\Row Row Row_combined_songs\Row Row Row_combination_894.wav
Row Row Row,895,ON,OFF,OFF,ON,OFF,OFF,ON,OFF,ON,OFF,ON,ON,OFF,OFF,ON,Combined_Songs\Row Row Row_combined_songs\Row Row Row_combination_895.wav
Row Row Row,909,ON,OFF,OFF,ON,OFF,OFF,ON,OFF,OFF,ON,ON,ON,ON,OFF,OFF,Combined_Songs\Row Row Row_combined_songs\Row Row Row_combination_909.wav
Row Row Row,910,ON,OFF,OFF,ON,OFF,OFF,ON,OFF,OFF,ON,ON,ON,OFF,ON,OFF,Combined_Songs\Row Row Row_combined_songs\Row Row Row_combination_910.wav
Row Row Row,911,ON,OFF,OFF,ON,OFF,OFF,ON,OFF,OFF,ON,ON,ON,OFF,OFF,ON,Combined_Songs\Row Row Row_combined_songs\Row Row Row_combination_911.wav
Row Row Row,941,ON,OFF,OFF,ON,OFF,OFF,OFF,ON,ON,OFF,ON,ON,ON,OFF,OFF,Combined_Songs\Row Row Row_combined_songs\Row Row Row_combination_941.wav
Row Row Row,942,ON,OFF,OFF,ON,OFF,OFF,OFF,ON,ON,OFF,ON,ON,OFF,ON,OFF,Combined_Songs\Row Row Row_combined_songs\Row Row Row_combination_942.wav
Row Row Row,943,ON,OFF,OFF,ON,OFF,OFF,OFF,ON,ON,OFF,ON,ON,OFF,OFF,ON,Combined_Songs\Row Row Row_combined_songs\Row Row Row_combination_943.wav
Row Row Row,957,ON,OFF,OFF,ON,OFF,OFF,OFF,ON,OFF,ON,ON,ON,ON,OFF,OFF,Combined_Songs\Row Row Row_combined_songs\Row Row Row_combination_957.wav
Row Row Row,958,ON,OFF,OFF,ON,OFF,OFF,OFF,ON,OFF,ON,ON,ON,OFF,ON,OFF,Combined_Songs\Row Row Row_combined_songs\Row Row Row_combination_958.wav
Row Row Row,959,ON,OFF,OFF,ON,OFF,OFF,OFF,ON,OFF,ON,ON,ON,OFF,OFF,ON,Combined_Songs\Row Row Row_combined_songs\Row Row Row_combination_959.wav
Row Row Row,1037,ON,OFF,OFF,OFF,ON,ON,OFF,OFF,ON,OFF,ON,ON,ON,OFF,OFF,Combined_Songs\Row Row Row_combined_songs\Row Row Row_combination_1037.wav
Row Row Row,1038,ON,OFF,OFF,OFF,ON,ON,OFF,OFF,ON,OFF,ON,ON,OFF,ON,OFF,Combined_Songs\Row Row Row_combined_songs\Row Row Row_combination_1038.wav
Row Row Row,1039,ON,OFF,OFF,OFF,ON,ON,OFF,OFF,ON,OFF,ON,ON,OFF,OFF,ON,Combined_Songs\Row Row Row_combined_songs\Row Row Row_combination_1039.wav
Row Row Row,1053,ON,OFF,OFF,OFF,ON,ON,OFF,OFF,OFF,ON,ON,ON,ON,OFF,OFF,Combined_Songs\Row Row Row_combined_songs\Row Row Row_combination_1053.wav
Row Row Row,1054,ON,OFF,OFF,OFF,ON,ON,OFF,OFF,OFF,ON,ON,ON,OFF,ON,OFF,Combined_Songs\Row Row Row_combined_songs\Row Row Row_combination_1054.wav
Row Row Row,1055,ON,OFF,OFF,OFF,ON,ON,OFF,OFF,OFF,ON,ON,ON,OFF,OFF,ON,Combined_Songs\Row Row Row_combined_songs\Row Row Row_combination_1055.wav
Row Row Row,1085,ON,OFF,OFF,OFF,ON,OFF,ON,OFF,ON,OFF,ON,ON,ON,OFF,OFF,Combined_Songs\Row Row Row_combined_songs\Row Row Row_combination_1085.wav
Row Row Row,1086,ON,OFF,OFF,OFF,ON,OFF,ON,OFF,ON,OFF,ON,ON,OFF,ON,OFF,Combined_Songs\Row Row Row_combined_songs\Row Row Row_combination_1086.wav
Row Row Row,1087,ON,OFF,OFF,OFF,ON,OFF,ON,OFF,ON,OFF,ON,ON,OFF,OFF,ON,Combined_Songs\Row Row Row_combined_songs\Row Row Row_combination_1087.wav
Row Row Row,1101,ON,OFF,OFF,OFF,ON,OFF,ON,OFF,OFF,ON,ON,ON,ON,OFF,OFF,Combined_Songs\Row Row Row_combined_songs\Row Row Row_combination_1101.wav
Row Row Row,1102,ON,OFF,OFF,OFF,ON,OFF,ON,OFF,OFF,ON,ON,ON,OFF,ON,OFF,Combined_Songs\Row Row Row_combined_songs\Row Row Row_combination_1102.wav
Row Row Row,1103,ON,OFF,OFF,OFF,ON,OFF,ON,OFF,OFF,ON,ON,ON,OFF,OFF,ON,Combined_Songs\Row Row Row_combined_songs\Row Row Row_combination_1103.wav
Row Row Row,1133,ON,OFF,OFF,OFF,ON,OFF,OFF,ON,ON,OFF,ON,ON,ON,OFF,OFF,Combined_Songs\Row Row Row_combined_songs\Row Row Row_combination_1133.wav
Row Row Row,1134,ON,OFF,OFF,OFF,ON,OFF,OFF,ON,ON,OFF,ON,ON,OFF,ON,OFF,Combined_Songs\Row Row Row_combined_songs\Row Row Row_combination_1134.wav
Row Row Row,1135,ON,OFF,OFF,OFF,ON,OFF,OFF,ON,ON,OFF,ON,ON,OFF,OFF,ON,Combined_Songs\Row Row Row_combined_songs\Row Row Row_combination_1135.wav
Row Row Row,1149,ON,OFF,OFF,OFF,ON,OFF,OFF,ON,OFF,ON,ON,ON,ON,OFF,OFF,Combined_Songs\Row Row Row_combined_songs\Row Row Row_combination_1149.wav
Row Row Row,1150,ON,OFF,OFF,OFF,ON,OFF,OFF,ON,OFF,ON,ON,ON,OFF,ON,OFF,Combined_Songs\Row Row Row_combined_songs\Row Row Row_combination_1150.wav
Row Row Row,1151,ON,OFF,OFF,OFF,ON,OFF,OFF,ON,OFF,ON,ON,ON,OFF,OFF,ON,Combined_Songs\Row Row Row_combined_songs\Row Row Row_combination_1151.wav
Row Row Row,1421,OFF,ON,OFF,ON,OFF,ON,OFF,OFF,ON,OFF,ON,ON,ON,OFF,OFF,Combined_Songs\Row Row Row_combined_songs\Row Row Row_combination_1421.wav
Row Row Row,1422,OFF,ON,OFF,ON,OFF,ON,OFF,OFF,ON,OFF,ON,ON,OFF,ON,OFF,Combined_Songs\Row Row Row_combined_songs\Row Row Row_combination_1422.wav
Row Row Row,1423,OFF,ON,OFF,ON,OFF,ON,OFF,OFF,ON,OFF,ON,ON,OFF,OFF,ON,Combined_Songs\Row Row Row_combined_songs\Row Row Row_combination_1423.wav
Row Row Row,1437,OFF,ON,OFF,ON,OFF,ON,OFF,OFF,OFF,ON,ON,ON,ON,OFF,OFF,Combined_Songs\Row Row Row_combined_songs\Row Row Row_combination_1437.wav
Row Row Row,1438,OFF,ON,OFF,ON,OFF,ON,OFF,OFF,OFF,ON,ON,ON,OFF,ON,OFF,Combined_Songs\Row Row Row_combined_songs\Row Row Row_combination_1438.wav
Row Row Row,1439,OFF,ON,OFF,ON,OFF,ON,OFF,OFF,OFF,ON,ON,ON,OFF,OFF,ON,Combined_Songs\Row Row Row_combined_songs\Row Row Row_combination_1439.wav
Row Row Row,1469,OFF,ON,OFF,ON,OFF,OFF,ON,OFF,ON,OFF,ON,ON,ON,OFF,OFF,Combined_Songs\Row Row Row_combined_songs\Row Row Row_combination_1469.wav
Row Row Row,1470,OFF,ON,OFF,ON,OFF,OFF,ON,OFF,ON,OFF,ON,ON,OFF,ON,OFF,Combined_Songs\Row Row Row_combined_songs\Row Row Row_combination_1470.wav
Row Row Row,1471,OFF,ON,OFF,ON,OFF,OFF,ON,OFF,ON,OFF,ON,ON,OFF,OFF,ON,Combined_Songs\Row Row Row_combined_songs\Row Row Row_combination_1471.wav
Row Row Row,1485,OFF,ON,OFF,ON,OFF,OFF,ON,OFF,OFF,ON,ON,ON,ON,OFF,OFF,Combined_Songs\Row Row Row_combined_songs\Row Row Row_combination_1485.wav
Row Row Row,1486,OFF,ON,OFF,ON,OFF,OFF,ON,OFF,OFF,ON,ON,ON,OFF,ON,OFF,Combined_Songs\Row Row Row_combined_songs\Row Row Row_combination_1486.wav
Row Row Row,1487,OFF,ON,OFF,ON,OFF,OFF,ON,OFF,OFF,ON,ON,ON,OFF,OFF,ON,Combined_Songs\Row Row Row_combined_songs\Row Row Row_combination_1487.wav
Row Row Row,1517,OFF,ON,OFF,ON,OFF,OFF,OFF,ON,ON,OFF,ON,ON,ON,OFF,OFF,Combined_Songs\Row Row Row_combined_songs\Row Row Row_combination_1517.wav
Row Row Row,1518,OFF,ON,OFF,ON,OFF,OFF,OFF,ON,ON,OFF,ON,ON,OFF,ON,OFF,Combined_Songs\Row Row Row_combined_songs\Row Row Row_combination_1518.wav
Row Row Row,1519,OFF,ON,OFF,ON,OFF,OFF,OFF,ON,ON,OFF,ON,ON,OFF,OFF,ON,Combined_Songs\Row Row Row_combined_songs\Row Row Row_combination_1519.wav
Row Row Row,1533,OFF,ON,OFF,ON,OFF,OFF,OFF,ON,OFF,ON,ON,ON,ON,OFF,OFF,Combined_Songs\Row Row Row_combined_songs\Row Row Row_combination_1533.wav
Row Row Row,1534,OFF,ON,OFF,ON,OFF,OFF,OFF,ON,OFF,ON,ON,ON,OFF,ON,OFF,Combined_Songs\Row Row Row_combined_songs\Row Row Row_combination_1534.wav
Row Row Row,1535,OFF,ON,OFF,ON,OFF,OFF,OFF,ON,OFF,ON,ON,ON,OFF,OFF,ON,Combined_Songs\Row Row Row_combined_songs\Row Row Row_combination_1535.wav
Row Row Row,1613,OFF,ON,OFF,OFF,ON,ON,OFF,OFF,ON,OFF,ON,ON,ON,OFF,OFF,Combined_Songs\Row Row Row_combined_songs\Row Row Row_combination_1613.wav
Row Row Row,1614,OFF,ON,OFF,OFF,ON,ON,OFF,OFF,ON,OFF,ON,ON,OFF,ON,OFF,Combined_Songs\Row Row Row_combined_songs\Row Row Row_combination_1614.wav
Row Row Row,1615,OFF,ON,OFF,OFF,ON,ON,OFF,OFF,ON,OFF,ON,ON,OFF,OFF,ON,Combined_Songs\Row Row Row_combined_songs\Row Row Row_combination_1615.wav
Row Row Row,1629,OFF,ON,OFF,OFF,ON,ON,OFF,OFF,OFF,ON,ON,ON,ON,OFF,OFF,Combined_Songs\Row Row Row_combined_songs\Row Row Row_combination_1629.wav
Row Row Row,1630,OFF,ON,OFF,OFF,ON,ON,OFF,OFF,OFF,ON,ON,ON,OFF,ON,OFF,Combined_Songs\Row Row Row_combined_songs\Row Row Row_combination_1630.wav
Row Row Row,1631,OFF,ON,OFF,OFF,ON,ON,OFF,OFF,OFF,ON,ON,ON,OFF,OFF,ON,Combined_Songs\Row Row Row_combined_songs\Row Row Row_combination_1631.wav
Row Row Row,1661,OFF,ON,OFF,OFF,ON,OFF,ON,OFF,ON,OFF,ON,ON,ON,OFF,OFF,Combined_Songs\Row Row Row_combined_songs\Row Row Row_combination_1661.wav
Row Row Row,1662,OFF,ON,OFF,OFF,ON,OFF,ON,OFF,ON,OFF,ON,ON,OFF,ON,OFF,Combined_Songs\Row Row Row_combined_songs\Row Row Row_combination_1662.wav
Row Row Row,1663,OFF,ON,OFF,OFF,ON,OFF,ON,OFF,ON,OFF,ON,ON,OFF,OFF,ON,Combined_Songs\Row Row Row_combined_songs\Row Row Row_combination_1663.wav
Row Row Row,1677,OFF,ON,OFF,OFF,ON,OFF,ON,OFF,OFF,ON,ON,ON,ON,OFF,OFF,Combined_Songs\Row Row Row_combined_songs\Row Row Row_combination_1677.wav
Row Row Row,1678,OFF,ON,OFF,OFF,ON,OFF,ON,OFF,OFF,ON,ON,ON,OFF,ON,OFF,Combined_Songs\Row Row Row_combined_songs\Row Row Row_combination_1678.wav
Row Row Row,1679,OFF,ON,OFF,OFF,ON,OFF,ON,OFF,OFF,ON,ON,ON,OFF,OFF,ON,Combined_Songs\Row Row Row_combined_songs\Row Row Row_combination_1679.wav
Row Row Row,1709,OFF,ON,OFF,OFF,ON,OFF,OFF,ON,ON,OFF,ON,ON,ON,OFF,OFF,Combined_Songs\Row Row Row_combined_songs\Row Row Row_combination_1709.wav
Row Row Row,1710,OFF,ON,OFF,OFF,ON,OFF,OFF,ON,ON,OFF,ON,ON,OFF,ON,OFF,Combined_Songs\Row Row Row_combined_songs\Row Row Row_combination_1710.wav
Row Row Row,1711,OFF,ON,OFF,OFF,ON,OFF,OFF,ON,ON,OFF,ON,ON,OFF,OFF,ON,Combined_Songs\Row Row Row_combined_songs\Row Row Row_combination_1711.wav
Row Row Row,1725,OFF,ON,OFF,OFF,ON,OFF,OFF,ON,OFF,ON,ON,ON,ON,OFF,OFF,Combined_Songs\Row Row Row_combined_songs\Row Row Row_combination_1725.wav
Row Row Row,1726,OFF,ON,OFF,OFF,ON,OFF,OFF,ON,OFF,ON,ON,ON,OFF,ON,OFF,Combined_Songs\Row Row Row_combined_songs\Row Row Row_combination_1726.wav
Row Row Row,1727,OFF,ON,OFF,OFF,ON,OFF,OFF,ON,OFF,ON,ON,ON,OFF,OFF,ON,Combined_Songs\Row Row Row_combined_songs\Row Row Row_combination_1727.wav
Row Row Row,1997,OFF,OFF,ON,ON,OFF,ON,OFF,OFF,ON,OFF,ON,ON,ON,OFF,OFF,Combined_Songs\Row Row Row_combined_songs\Row Row Row_combination_1997.wav
Row Row Row,1998,OFF,OFF,ON,ON,OFF,ON,OFF,OFF,ON,OFF,ON,ON,OFF,ON,OFF,Combined_Songs\Row Row Row_combined_songs\Row Row Row_combination_1998.wav
Row Row Row,1999,OFF,OFF,ON,ON,OFF,ON,OFF,OFF,ON,OFF,ON,ON,OFF,OFF,ON,Combined_Songs\Row Row Row_combined_songs\Row Row Row_combination_1999.wav
Row Row Row,2013,OFF,OFF,ON,ON,OFF,ON,OFF,OFF,OFF,ON,ON,ON,ON,OFF,OFF,Combined_Songs\Row Row Row_combined_songs\Row Row Row_combination_2013.wav
Row Row Row,2014,OFF,OFF,ON,ON,OFF,ON,OFF,OFF,OFF,ON,ON,ON,OFF,ON,OFF,Combined_Songs\Row Row Row_combined_songs\Row Row Row_combination_2014.wav
Row Row Row,2015,OFF,OFF,ON,ON,OFF,ON,OFF,OFF,OFF,ON,ON,ON,OFF,OFF,ON,Combined_Songs\Row Row Row_combined_songs\Row Row Row_combination_2015.wav
Row Row Row,2045,OFF,OFF,ON,ON,OFF,OFF,ON,OFF,ON,OFF,ON,ON,ON,OFF,OFF,Combined_Songs\Row Row Row_combined_songs\Row Row Row_combination_2045.wav
Row Row Row,2046,OFF,OFF,ON,ON,OFF,OFF,ON,OFF,ON,OFF,ON,ON,OFF,ON,OFF,Combined_Songs\Row Row Row_combined_songs\Row Row Row_combination_2046.wav
Row Row Row,2047,OFF,OFF,ON,ON,OFF,OFF,ON,OFF,ON,OFF,ON,ON,OFF,OFF,ON,Combined_Songs\Row Row Row_combined_songs\Row Row Row_combination_2047.wav
Row Row Row,2061,OFF,OFF,ON,ON,OFF,OFF,ON,OFF,OFF,ON,ON,ON,ON,OFF,OFF,Combined_Songs\Row Row Row_combined_songs\Row Row Row_combination_2061.wav
Row Row Row,2062,OFF,OFF,ON,ON,OFF,OFF,ON,OFF,OFF,ON,ON,ON,OFF,ON,OFF,Combined_Songs\Row Row Row_combined_songs\Row Row Row_combination_2062.wav
Row Row Row,2063,OFF,OFF,ON,ON,OFF,OFF,ON,OFF,OFF,ON,ON,ON,OFF,OFF,ON,Combined_Songs\Row Row Row_combined_songs\Row Row Row_combination_2063.wav
Row Row Row,2093,OFF,OFF,ON,ON,OFF,OFF,OFF,ON,ON,OFF,ON,ON,ON,OFF,OFF,Combined_Songs\Row Row Row_combined_songs\Row Row Row_combination_2093.wav
Row Row Row,2094,OFF,OFF,ON,ON,OFF,OFF,OFF,ON,ON,OFF,ON,ON,OFF,ON,OFF,Combined_Songs\Row Row Row_combined_songs\Row Row Row_combination_2094.wav
Row Row Row,2095,OFF,OFF,ON,ON,OFF,OFF,OFF,ON,ON,OFF,ON,ON,OFF,OFF,ON,Combined_Songs\Row Row Row_combined_songs\Row Row Row_combination_2095.wav
Row Row Row,2109,OFF,OFF,ON,ON,OFF,OFF,OFF,ON,OFF,ON,ON,ON,ON,OFF,OFF,Combined_Songs\Row Row Row_combined_songs\Row Row Row_combination_2109.wav
Row Row Row,2110,OFF,OFF,ON,ON,OFF,OFF,OFF,ON,OFF,ON,ON,ON,OFF,ON,OFF,Combined_Songs\Row Row Row_combined_songs\Row Row Row_combination_2110.wav
Row Row Row,2111,OFF,OFF,ON,ON,OFF,OFF,OFF,ON,OFF,ON,ON,ON,OFF,OFF,ON,Combined_Songs\Row Row Row_combined_songs\Row Row Row_combination_2111.wav
Row Row Row,2189,OFF,OFF,ON,OFF,ON,ON,OFF,OFF,ON,OFF,ON,ON,ON,OFF,OFF,Combined_Songs\Row Row Row_combined_songs\Row Row Row_combination_2189.wav
Row Row Row,2190,OFF,OFF,ON,OFF,ON,ON,OFF,OFF,ON,OFF,ON,ON,OFF,ON,OFF,Combined_Songs\Row Row Row_combined_songs\Row Row Row_combination_2190.wav
Row Row Row,2191,OFF,OFF,ON,OFF,ON,ON,OFF,OFF,ON,OFF,ON,ON,OFF,OFF,ON,Combined_Songs\Row Row Row_combined_songs\Row Row Row_combination_2191.wav
Row Row Row,2205,OFF,OFF,ON,OFF,ON,ON,OFF,OFF,OFF,ON,ON,ON,ON,OFF,OFF,Combined_Songs\Row Row Row_combined_songs\Row Row Row_combination_2205.wav
Row Row Row,2206,OFF,OFF,ON,OFF,ON,ON,OFF,OFF,OFF,ON,ON,ON,OFF,ON,OFF,Combined_Songs\Row Row Row_combined_songs\Row Row Row_combination_2206.wav
Row Row Row,2207,OFF,OFF,ON,OFF,ON,ON,OFF,OFF,OFF,ON,ON,ON,OFF,OFF,ON,Combined_Songs\Row Row Row_combined_songs\Row Row Row_combination_2207.wav
Row Row Row,2237,OFF,OFF,ON,OFF,ON,OFF,ON,OFF,ON,OFF,ON,ON,ON,OFF,OFF,Combined_Songs\Row Row Row_combined_songs\Row Row Row_combination_2237.wav
Row Row Row,2238,OFF,OFF,ON,OFF,ON,OFF,ON,OFF,ON,OFF,ON,ON,OFF,ON,OFF,Combined_Songs\Row Row Row_combined_songs\Row Row Row_combination_2238.wav
Row Row Row,2239,OFF,OFF,ON,OFF,ON,OFF,ON,OFF,ON,OFF,ON,ON,OFF,OFF,ON,Combined_Songs\Row Row Row_combined_songs\Row Row Row_combination_2239.wav
Row Row Row,2253,OFF,OFF,ON,OFF,ON,OFF,ON,OFF,OFF,ON,ON,ON,ON,OFF,OFF,Combined_Songs\Row Row Row_combined_songs\Row Row Row_combination_2253.wav
Row Row Row,2254,OFF,OFF,ON,OFF,ON,OFF,ON,OFF,OFF,ON,ON,ON,OFF,ON,OFF,Combined_Songs\Row Row Row_combined_songs\Row Row Row_combination_2254.wav
Row Row Row,2255,OFF,OFF,ON,OFF,ON,OFF,ON,OFF,OFF,ON,ON,ON,OFF,OFF,ON,Combined_Songs\Row Row Row_combined_songs\Row Row Row_combination_2255.wav
Row Row Row,2285,OFF,OFF,ON,OFF,ON,OFF,OFF,ON,ON,OFF,ON,ON,ON,OFF,OFF,Combined_Songs\Row Row Row_combined_songs\Row Row Row_combination_2285.wav
Row Row Row,2286,OFF,OFF,ON,OFF,ON,OFF,OFF,ON,ON,OFF,ON,ON,OFF,ON,OFF,Combined_Songs\Row Row Row_combined_songs\Row Row Row_combination_2286.wav
Row Row Row,2287,OFF,OFF,ON,OFF,ON,OFF,OFF,ON,ON,OFF,ON,ON,OFF,OFF,ON,Combined_Songs\Row Row Row_combined_songs\Row Row Row_combination_2287.wav
Row Row Row,2301,OFF,OFF,ON,OFF,ON,OFF,OFF,ON,OFF,ON,ON,ON,ON,OFF,OFF,Combined_Songs\Row Row Row_combined_songs\Row Row Row_combination_2301.wav
Row Row Row,2302,OFF,OFF,ON,OFF,ON,OFF,OFF,ON,OFF,ON,ON,ON,OFF,ON,OFF,Combined_Songs\Row Row Row_combined_songs\Row Row Row_combination_2302.wav
Row Row Row,2303,OFF,OFF,ON,OFF,ON,OFF,OFF,ON,OFF,ON,ON,ON,OFF,OFF,ON,Combined_Songs\Row Row Row_combined_songs\Row Row Row_combination_2303.wav
Twinkle Twinkle,845,ON,OFF,OFF,ON,OFF,ON,OFF,OFF,ON,OFF,ON,ON,ON,OFF,OFF,Combined_Songs\Twinkle Twinkle_combined_songs\Twinkle Twinkle_combination_845.wav
Twinkle Twinkle,846,ON,OFF,OFF,ON,OFF,ON,OFF,OFF,ON,OFF,ON,ON,OFF,ON,OFF,Combined_Songs\Twinkle Twinkle_combined_songs\Twinkle Twinkle_combination_846.wav
Twinkle Twinkle,847,ON,OFF,OFF,ON,OFF,ON,OFF,OFF,ON,OFF,ON,ON,OFF,OFF,ON,Combined_Songs\Twinkle Twinkle_combined_songs\Twinkle Twinkle_combination_847.wav
Twinkle Twinkle,861,ON,OFF,OFF,ON,OFF,ON,OFF,OFF,OFF,ON,ON,ON,ON,OFF,OFF,Combined_Songs\Twinkle Twinkle_combined_songs\Twinkle Twinkle_combination_861.wav
Twinkle Twinkle,862,ON,OFF,OFF,ON,OFF,ON,OFF,OFF,OFF,ON,ON,ON,OFF,ON,OFF,Combined_Songs\Twinkle Twinkle_combined_songs\Twinkle Twinkle_combination_862.wav
Twinkle Twinkle,863,ON,OFF,OFF,ON,OFF,ON,OFF,OFF,OFF,ON,ON,ON,OFF,OFF,ON,Combined_Songs\Twinkle Twinkle_combined_songs\Twinkle Twinkle_combination_863.wav
Twinkle Twinkle,893,ON,OFF,OFF,ON,OFF,OFF,ON,OFF,ON,OFF,ON,ON,ON,OFF,OFF,Combined_Songs\Twinkle Twinkle_combined_songs\Twinkle Twinkle_combination_893.wav
Twinkle Twinkle,894,ON,OFF,OFF,ON,OFF,OFF,ON,OFF,ON,OFF,ON,ON,OFF,ON,OFF,Combined_Songs\Twinkle Twinkle_combined_songs\Twinkle Twinkle_combination_894.wav
Twinkle Twinkle,895,ON,OFF,OFF,ON,OFF,OFF,ON,OFF,ON,OFF,ON,ON,OFF,OFF,ON,Combined_Songs\Twinkle Twinkle_combined_songs\Twinkle Twinkle_combination_895.wav
Twinkle Twinkle,909,ON,OFF,OFF,ON,OFF,OFF,ON,OFF,OFF,ON,ON,ON,ON,OFF,OFF,Combined_Songs\Twinkle Twinkle_combined_songs\Twinkle Twinkle_combination_909.wav
Twinkle Twinkle,910,ON,OFF,OFF,ON,OFF,OFF,ON,OFF,OFF,ON,ON,ON,OFF,ON,OFF,Combined_Songs\Twinkle Twinkle_combined_songs\Twinkle Twinkle_combination_910.wav
Twinkle Twinkle,911,ON,OFF,OFF,ON,OFF,OFF,ON,OFF,OFF,ON,ON,ON,OFF,OFF,ON,Combined_Songs\Twinkle Twinkle_combined_songs\Twinkle Twinkle_combination_911.wav
Twinkle Twinkle,941,ON,OFF,OFF,ON,OFF,OFF,OFF,ON,ON,OFF,ON,ON,ON,OFF,OFF,Combined_Songs\Twinkle Twinkle_combined_songs\Twinkle Twinkle_combination_941.wav
Twinkle Twinkle,942,ON,OFF,OFF,ON,OFF,OFF,OFF,ON,ON,OFF,ON,ON,OFF,ON,OFF,Combined_Songs\Twinkle Twinkle_combined_songs\Twinkle Twinkle_combination_942.wav
Twinkle Twinkle,943,ON,OFF,OFF,ON,OFF,OFF,OFF,ON,ON,OFF,ON,ON,OFF,OFF,ON,Combined_Songs\Twinkle Twinkle_combined_songs\Twinkle Twinkle_combination_943.wav
Twinkle Twinkle,957,ON,OFF,OFF,ON,OFF,OFF,OFF,ON,OFF,ON,ON,ON,ON,OFF,OFF,Combined_Songs\Twinkle Twinkle_combined_songs\Twinkle Twinkle_combination_957.wav
Twinkle Twinkle,958,ON,OFF,OFF,ON,OFF,OFF,OFF,ON,OFF,ON,ON,ON,OFF,ON,OFF,Combined_Songs\Twinkle Twinkle_combined_songs\Twinkle Twinkle_combination_958.wav
Twinkle Twinkle,959,ON,OFF,OFF,ON,OFF,OFF,OFF,ON,OFF,ON,ON,ON,OFF,OFF,ON,Combined_Songs\Twinkle Twinkle_combined_songs\Twinkle Twinkle_combination_959.wav
Twinkle Twinkle,1037,ON,OFF,OFF,OFF,ON,ON,OFF,OFF,ON,OFF,ON,ON,ON,OFF,OFF,Combined_Songs\Twinkle Twinkle_combined_songs\Twinkle Twinkle_combination_1037.wav
Twinkle Twinkle,1038,ON,OFF,OFF,OFF,ON,ON,OFF,OFF,ON,OFF,ON,ON,OFF,ON,OFF,Combined_Songs\Twinkle Twinkle_combined_songs\Twinkle Twinkle_combination_1038.wav
Twinkle Twinkle,1039,ON,OFF,OFF,OFF,ON,ON,OFF,OFF,ON,OFF,ON,ON,OFF,OFF,ON,Combined_Songs\Twinkle Twinkle_combined_songs\Twinkle Twinkle_combination_1039.wav
Twinkle Twinkle,1053,ON,OFF,OFF,OFF,ON,ON,OFF,OFF,OFF,ON,ON,ON,ON,OFF,OFF,Combined_Songs\Twinkle Twinkle_combined_songs\Twinkle Twinkle_combination_1053.wav
Twinkle Twinkle,1054,ON,OFF,OFF,OFF,ON,ON,OFF,OFF,OFF,ON,ON,ON,OFF,ON,OFF,Combined_Songs\Twinkle Twinkle_combined_songs\Twinkle Twinkle_combination_1054.wav
Twinkle Twinkle,1055,ON,OFF,OFF,OFF,ON,ON,OFF,OFF,OFF,ON,ON,ON,OFF,OFF,ON,Combined_Songs\Twinkle Twinkle_combined_songs\Twinkle Twinkle_combination_1055.wav
Twinkle Twinkle,1085,ON,OFF,OFF,OFF,ON,OFF,ON,OFF,ON,OFF,ON,ON,ON,OFF,OFF,Combined_Songs\Twinkle Twinkle_combined_songs\Twinkle Twinkle_combination_1085.wav
Twinkle Twinkle,1086,ON,OFF,OFF,OFF,ON,OFF,ON,OFF,ON,OFF,ON,ON,OFF,ON,OFF,Combined_Songs\Twinkle Twinkle_combined_songs\Twinkle Twinkle_combination_1086.wav
Twinkle Twinkle,1087,ON,OFF,OFF,OFF,ON,OFF,ON,OFF,ON,OFF,ON,ON,OFF,OFF,ON,Combined_Songs\Twinkle Twinkle_combined_songs\Twinkle Twinkle_combination_1087.wav
Twinkle Twinkle,1101,ON,OFF,OFF,OFF,ON,OFF,ON,OFF,OFF,ON,ON,ON,ON,OFF,OFF,Combined_Songs\Twinkle Twinkle_combined_songs\Twinkle Twinkle_combination_1101.wav
Twinkle Twinkle,1102,ON,OFF,OFF,OFF,ON,OFF,ON,OFF,OFF,ON,ON,ON,OFF,ON,OFF,Combined_Songs\Twinkle Twinkle_combined_songs\Twinkle Twinkle_combination_1102.wav
Twinkle Twinkle,1103,ON,OFF,OFF,OFF,ON,OFF,ON,OFF,OFF,ON,ON,ON,OFF,OFF,ON,Combined_Songs\Twinkle Twinkle_combined_songs\Twinkle Twinkle_combination_1103.wav
Twinkle Twinkle,1133,ON,OFF,OFF,OFF,ON,OFF,OFF,ON,ON,OFF,ON,ON,ON,OFF,OFF,Combined_Songs\Twinkle Twinkle_combined_songs\Twinkle Twinkle_combination_1133.wav
Twinkle Twinkle,1134,ON,OFF,OFF,OFF,ON,OFF,OFF,ON,ON,OFF,ON,ON,OFF,ON,OFF,Combined_Songs\Twinkle Twinkle_combined_songs\Twinkle Twinkle_combination_1134.wav
Twinkle Twinkle,1135,ON,OFF,OFF,OFF,ON,OFF,OFF,ON,ON,OFF,ON,ON,OFF,OFF,ON,Combined_Songs\Twinkle Twinkle_combined_songs\Twinkle Twinkle_combination_1135.wav
Twinkle Twinkle,1149,ON,OFF,OFF,OFF,ON,OFF,OFF,ON,OFF,ON,ON,ON,ON,OFF,OFF,Combined_Songs\Twinkle Twinkle_combined_songs\Twinkle Twinkle_combination_1149.wav
Twinkle Twinkle,1150,ON,OFF,OFF,OFF,ON,OFF,OFF,ON,OFF,ON,ON,ON,OFF,ON,OFF,Combined_Songs\Twinkle Twinkle_combined_songs\Twinkle Twinkle_combination_1150.wav
Twinkle Twinkle,1151,ON,OFF,OFF,OFF,ON,OFF,OFF,ON,OFF,ON,ON,ON,OFF,OFF,ON,Combined_Songs\Twinkle Twinkle_combined_songs\Twinkle Twinkle_combination_1151.wav
Twinkle Twinkle,1421,OFF,ON,OFF,ON,OFF,ON,OFF,OFF,ON,OFF,ON,ON,ON,OFF,OFF,Combined_Songs\Twinkle Twinkle_combined_songs\Twinkle Twinkle_combination_1421.wav
Twinkle Twinkle,1422,OFF,ON,OFF,ON,OFF,ON,OFF,OFF,ON,OFF,ON,ON,OFF,ON,OFF,Combined_Songs\Twinkle Twinkle_combined_songs\Twinkle Twinkle_combination_1422.wav
Twinkle Twinkle,1423,OFF,ON,OFF,ON,OFF,ON,OFF,OFF,ON,OFF,ON,ON,OFF,OFF,ON,Combined_Songs\Twinkle Twinkle_combined_songs\Twinkle Twinkle_combination_1423.wav
Twinkle Twinkle,1437,OFF,ON,OFF,ON,OFF,ON,OFF,OFF,OFF,ON,ON,ON,ON,OFF,OFF,Combined_Songs\Twinkle Twinkle_combined_songs\Twinkle Twinkle_combination_1437.wav
Twinkle Twinkle,1438,OFF,ON,OFF,ON,OFF,ON,OFF,OFF,OFF,ON,ON,ON,OFF,ON,OFF,Combined_Songs\Twinkle Twinkle_combined_songs\Twinkle Twinkle_combination_1438.wav
Twinkle Twinkle,1439,OFF,ON,OFF,ON,OFF,ON,OFF,OFF,OFF,ON,ON,ON,OFF,OFF,ON,Combined_Songs\Twinkle Twinkle_combined_songs\Twinkle Twinkle_combination_1439.wav
Twinkle Twinkle,1469,OFF,ON,OFF,ON,OFF,OFF,ON,OFF,ON,OFF,ON,ON,ON,OFF,OFF,Combined_Songs\Twinkle Twinkle_combined_songs\Twinkle Twinkle_combination_1469.wav
Twinkle Twinkle,1470,OFF,ON,OFF,ON,OFF,OFF,ON,OFF,ON,OFF,ON,ON,OFF,ON,OFF,Combined_Songs\Twinkle Twinkle_combined_songs\Twinkle Twinkle_combination_1470.wav
Twinkle Twinkle,1471,OFF,ON,OFF,ON,OFF,OFF,ON,OFF,ON,OFF,ON,ON,OFF,OFF,ON,Combined_Songs\Twinkle Twinkle_combined_songs\Twinkle Twinkle_combination_1471.wav
Twinkle Twinkle,1485,OFF,ON,OFF,ON,OFF,OFF,ON,OFF,OFF,ON,ON,ON,ON,OFF,OFF,Combined_Songs\Twinkle Twinkle_combined_songs\Twinkle Twinkle_combination_1485.wav
Twinkle Twinkle,1486,OFF,ON,OFF,ON,OFF,OFF,ON,OFF,OFF,ON,ON,ON,OFF,ON,OFF,Combined_Songs\Twinkle Twinkle_combined_songs\Twinkle Twinkle_combination_1486.wav
Twinkle Twinkle,1487,OFF,ON,OFF,ON,OFF,OFF,ON,OFF,OFF,ON,ON,ON,OFF,OFF,ON,Combined_Songs\Twinkle Twinkle_combined_songs\Twinkle Twinkle_combination_1487.wav
Twinkle Twinkle,1517,OFF,ON,OFF,ON,OFF,OFF,OFF,ON,ON,OFF,ON,ON,ON,OFF,OFF,Combined_Songs\Twinkle Twinkle_combined_songs\Twinkle Twinkle_combination_1517.wav
Twinkle Twinkle,1518,OFF,ON,OFF,ON,OFF,OFF,OFF,ON,ON,OFF,ON,ON,OFF,ON,OFF,Combined_Songs\Twinkle Twinkle_combined_songs\Twinkle Twinkle_combination_1518.wav
Twinkle Twinkle,1519,OFF,ON,OFF,ON,OFF,OFF,OFF,ON,ON,OFF,ON,ON,OFF,OFF,ON,Combined_Songs\Twinkle Twinkle_combined_songs\Twinkle Twinkle_combination_1519.wav
Twinkle Twinkle,1533,OFF,ON,OFF,ON,OFF,OFF,OFF,ON,OFF,ON,ON,ON,ON,OFF,OFF,Combined_Songs\Twinkle Twinkle_combined_songs\Twinkle Twinkle_combination_1533.wav
Twinkle Twinkle,1534,OFF,ON,OFF,ON,OFF,OFF,OFF,ON,OFF,ON,ON,ON,OFF,ON,OFF,Combined_Songs\Twinkle Twinkle_combined_songs\Twinkle Twinkle_combination_1534.wav
Twinkle Twinkle,1535,OFF,ON,OFF,ON,OFF,OFF,OFF,ON,OFF,ON,ON,ON,OFF,OFF,ON,Combined_Songs\Twinkle Twinkle_combined_songs\Twinkle Twinkle_combination_1535.wav
Twinkle Twinkle,1613,OFF,ON,OFF,OFF,ON,ON,OFF,OFF,ON,OFF,ON,ON,ON,OFF,OFF,Combined_Songs\Twinkle Twinkle_combined_songs\Twinkle Twinkle_combination_1613.wav
Twinkle Twinkle,1614,OFF,ON,OFF,OFF,ON,ON,OFF,OFF,ON,OFF,ON,ON,OFF,ON,OFF,Combined_Songs\Twinkle Twinkle_combined_songs\Twinkle Twinkle_combination_1614.wav
Twinkle Twinkle,1615,OFF,ON,OFF,OFF,ON,ON,OFF,OFF,ON,OFF,ON,ON,OFF,OFF,ON,Combined_Songs\Twinkle Twinkle_combined_songs\Twinkle Twinkle_combination_1615.wav
Twinkle Twinkle,1629,OFF,ON,OFF,OFF,ON,ON,OFF,OFF,OFF,ON,ON,ON,ON,OFF,OFF,Combined_Songs\Twinkle Twinkle_combined_songs\Twinkle Twinkle_combination_1629.wav
Twinkle Twinkle,1630,OFF,ON,OFF,OFF,ON,ON,OFF,OFF,OFF,ON,ON,ON,OFF,ON,OFF,Combined_Songs\Twinkle Twinkle_combined_songs\Twinkle Twinkle_combination_1630.wav
Twinkle Twinkle,1631,OFF,ON,OFF,OFF,ON,ON,OFF,OFF,OFF,ON,ON,ON,OFF,OFF,ON,Combined_Songs\Twinkle Twinkle_combined_songs\Twinkle Twinkle_combination_1631.wav
Twinkle Twinkle,1661,OFF,ON,OFF,OFF,ON,OFF,ON,OFF,ON,OFF,ON,ON,ON,OFF,OFF,Combined_Songs\Twinkle Twinkle_combined_songs\Twinkle Twinkle_combination_1661.wav
Twinkle Twinkle,1662,OFF,ON,OFF,OFF,ON,OFF,ON,OFF,ON,OFF,ON,ON,OFF,ON,OFF,Combined_Songs\Twinkle Twinkle_combined_songs\Twinkle Twinkle_combination_1662.wav
Twinkle Twinkle,1663,OFF,ON,OFF,OFF,ON,OFF,ON,OFF,ON,OFF,ON,ON,OFF,OFF,ON,Combined_Songs\Twinkle Twinkle_combined_songs\Twinkle Twinkle_combination_1663.wav
Twinkle Twinkle,1677,OFF,ON,OFF,OFF,ON,OFF,ON,OFF,OFF,ON,ON,ON,ON,OFF,OFF,Combined_Songs\Twinkle Twinkle_combined_songs\Twinkle Twinkle_combination_1677.wav
Twinkle Twinkle,1678,OFF,ON,OFF,OFF,ON,OFF,ON,OFF,OFF,ON,ON,ON,OFF,ON,OFF,Combined_Songs\Twinkle Twinkle_combined_songs\Twinkle Twinkle_combination_1678.wav
Twinkle Twinkle,1679,OFF,ON,OFF,OFF,ON,OFF,ON,OFF,OFF,ON,ON,ON,OFF,OFF,ON,Combined_Songs\Twinkle Twinkle_combined_songs\Twinkle Twinkle_combination_1679.wav
Twinkle Twinkle,1709,OFF,ON,OFF,OFF,ON,OFF,OFF,ON,ON,OFF,ON,ON,ON,OFF,OFF,Combined_Songs\Twinkle Twinkle_combined_songs\Twinkle Twinkle_combination_1709.wav
Twinkle Twinkle,1710,OFF,ON,OFF,OFF,ON,OFF,OFF,ON,ON,OFF,ON,ON,OFF,ON,OFF,Combined_Songs\Twinkle Twinkle_combined_songs\Twinkle Twinkle_combination_1710.wav
Twinkle Twinkle,1711,OFF,ON,OFF,OFF,ON,OFF,OFF,ON,ON,OFF,ON,ON,OFF,OFF,ON,Combined_Songs\Twinkle Twinkle_combined_songs\Twinkle Twinkle_combination_1711.wav
Twinkle Twinkle,1725,OFF,ON,OFF,OFF,ON,OFF,OFF,ON,OFF,ON,ON,ON,ON,OFF,OFF,Combined_Songs\Twinkle Twinkle_combined_songs\Twinkle Twinkle_combination_1725.wav
Twinkle Twinkle,1726,OFF,ON,OFF,OFF,ON,OFF,OFF,ON,OFF,ON,ON,ON,OFF,ON,OFF,Combined_Songs\Twinkle Twinkle_combined_songs\Twinkle Twinkle_combination_1726.wav
Twinkle Twinkle,1727,OFF,ON,OFF,OFF,ON,OFF,OFF,ON,OFF,ON,ON,ON,OFF,OFF,ON,Combined_Songs\Twinkle Twinkle_combined_songs\Twinkle Twinkle_combination_1727.wav
Twinkle Twinkle,1997,OFF,OFF,ON,ON,OFF,ON,OFF,OFF,ON,OFF,ON,ON,ON,OFF,OFF,Combined_Songs\Twinkle Twinkle_combined_songs\Twinkle Twinkle_combination_1997.wav
Twinkle Twinkle,1998,OFF,OFF,ON,ON,OFF,ON,OFF,OFF,ON,OFF,ON,ON,OFF,ON,OFF,Combined_Songs\Twinkle Twinkle_combined_songs\Twinkle Twinkle_combination_1998.wav
Twinkle Twinkle,1999,OFF,OFF,ON,ON,OFF,ON,OFF,OFF,ON,OFF,ON,ON,OFF,OFF,ON,Combined_Songs\Twinkle Twinkle_combined_songs\Twinkle Twinkle_combination_1999.wav
Twinkle Twinkle,2013,OFF,OFF,ON,ON,OFF,ON,OFF,OFF,OFF,ON,ON,ON,ON,OFF,OFF,Combined_Songs\Twinkle Twinkle_combined_songs\Twinkle Twinkle_combination_2013.wav
Twinkle Twinkle,2014,OFF,OFF,ON,ON,OFF,ON,OFF,OFF,OFF,ON,ON,ON,OFF,ON,OFF,Combined_Songs\Twinkle Twinkle_combined_songs\Twinkle Twinkle_combination_2014.wav
Twinkle Twinkle,2015,OFF,OFF,ON,ON,OFF,ON,OFF,OFF,OFF,ON,ON,ON,OFF,OFF,ON,Combined_Songs\Twinkle Twinkle_combined_songs\Twinkle Twinkle_combination_2015.wav
Twinkle Twinkle,2045,OFF,OFF,ON,ON,OFF,OFF,ON,OFF,ON,OFF,ON,ON,ON,OFF,OFF,Combined_Songs\Twinkle Twinkle_combined_songs\Twinkle Twinkle_combination_2045.wav
Twinkle Twinkle,2046,OFF,OFF,ON,ON,OFF,OFF,ON,OFF,ON,OFF,ON,ON,OFF,ON,OFF,Combined_Songs\Twinkle Twinkle_combined_songs\Twinkle Twinkle_combination_2046.wav
Twinkle Twinkle,2047,OFF,OFF,ON,ON,OFF,OFF,ON,OFF,ON,OFF,ON,ON,OFF,OFF,ON,Combined_Songs\Twinkle Twinkle_combined_songs\Twinkle Twinkle_combination_2047.wav
Twinkle Twinkle,2061,OFF,OFF,ON,ON,OFF,OFF,ON,OFF,OFF,ON,ON,ON,ON,OFF,OFF,Combined_Songs\Twinkle Twinkle_combined_songs\Twinkle Twinkle_combination_2061.wav
Twinkle Twinkle,2062,OFF,OFF,ON,ON,OFF,OFF,ON,OFF,OFF,ON,ON,ON,OFF,ON,OFF,Combined_Songs\Twinkle Twinkle_combined_songs\Twinkle Twinkle_combination_2062.wav
Twinkle Twinkle,2063,OFF,OFF,ON,ON,OFF,OFF,ON,OFF,OFF,ON,ON,ON,OFF,OFF,ON,Combined_Songs\Twinkle Twinkle_combined_songs\Twinkle Twinkle_combination_2063.wav
Twinkle Twinkle,2093,OFF,OFF,ON,ON,OFF,OFF,OFF,ON,ON,OFF,ON,ON,ON,OFF,OFF,Combined_Songs\Twinkle Twinkle_combined_songs\Twinkle Twinkle_combination_2093.wav
Twinkle Twinkle,2094,OFF,OFF,ON,ON,OFF,OFF,OFF,ON,ON,OFF,ON,ON,OFF,ON,OFF,Combined_Songs\Twinkle Twinkle_combined_songs\Twinkle Twinkle_combination_2094.wav
Twinkle Twinkle,2095,OFF,OFF,ON,ON,OFF,OFF,OFF,ON,ON,OFF,ON,ON,OFF,OFF,ON,Combined_Songs\Twinkle Twinkle_combined_songs\Twinkle Twinkle_combination_2095.wav
Twinkle Twinkle,2109,OFF,OFF,ON,ON,OFF,OFF,OFF,ON,OFF,ON,ON,ON,ON,OFF,OFF,Combined_Songs\Twinkle Twinkle_combined_songs\Twinkle Twinkle_combination_2109.wav
Twinkle Twinkle,2110,OFF,OFF,ON,ON,OFF,OFF,OFF,ON,OFF,ON,ON,ON,OFF,ON,OFF,Combined_Songs\Twinkle Twinkle_combined_songs\Twinkle Twinkle_combination_2110.wav
Twinkle Twinkle,2111,OFF,OFF,ON,ON,OFF,OFF,OFF,ON,OFF,ON,ON,ON,OFF,OFF,ON,Combined_Songs\Twinkle Twinkle_combined_songs\Twinkle Twinkle_combination_2111.wav
Twinkle Twinkle,2189,OFF,OFF,ON,OFF,ON,ON,OFF,OFF,ON,OFF,ON,ON,ON,OFF,OFF,Combined_Songs\Twinkle Twinkle_combined_songs\Twinkle Twinkle_combination_2189.wav
Twinkle Twinkle,2190,OFF,OFF,ON,OFF,ON,ON,OFF,OFF,ON,OFF,ON,ON,OFF,ON,OFF,Combined_Songs\Twinkle Twinkle_combined_songs\Twinkle Twinkle_combination_2190.wav
Twinkle Twinkle,2191,OFF,OFF,ON,OFF,ON,ON,OFF,OFF,ON,OFF,ON,ON,OFF,OFF,ON,Combined_Songs\Twinkle Twinkle_combined_songs\Twinkle Twinkle_combination_2191.wav
Twinkle Twinkle,2205,OFF,OFF,ON,OFF,ON,ON,OFF,OFF,OFF,ON,ON,ON,ON,OFF,OFF,Combined_Songs\Twinkle Twinkle_combined_songs\Twinkle Twinkle_combination_2205.wav
Twinkle Twinkle,2206,OFF,OFF,ON,OFF,ON,ON,OFF,OFF,OFF,ON,ON,ON,OFF,ON,OFF,Combined_Songs\Twinkle Twinkle_combined_songs\Twinkle Twinkle_combination_2206.wav
Twinkle Twinkle,2207,OFF,OFF,ON,OFF,ON,ON,OFF,OFF,OFF,ON,ON,ON,OFF,OFF,ON,Combined_Songs\Twinkle Twinkle_combined_songs\Twinkle Twinkle_combination_2207.wav
Twinkle Twinkle,2237,OFF,OFF,ON,OFF,ON,OFF,ON,OFF,ON,OFF,ON,ON,ON,OFF,OFF,Combined_Songs\Twinkle Twinkle_combined_songs\Twinkle Twinkle_combination_2237.wav
Twinkle Twinkle,2238,OFF,OFF,ON,OFF,ON,OFF,ON,OFF,ON,OFF,ON,ON,OFF,ON,OFF,Combined_Songs\Twinkle Twinkle_combined_songs\Twinkle Twinkle_combination_2238.wav
Twinkle Twinkle,2239,OFF,OFF,ON,OFF,ON,OFF,ON,OFF,ON,OFF,ON,ON,OFF,OFF,ON,Combined_Songs\Twinkle Twinkle_combined_songs\Twinkle Twinkle_combination_2239.wav
Twinkle Twinkle,2253,OFF,OFF,ON,OFF,ON,OFF,ON,OFF,OFF,ON,ON,ON,ON,OFF,OFF,Combined_Songs\Twinkle Twinkle_combined_songs\Twinkle Twinkle_combination_2253.wav
Twinkle Twinkle,2254,OFF,OFF,ON,OFF,ON,OFF,ON,OFF,OFF,ON,ON,ON,OFF,ON,OFF,Combined_Songs\Twinkle Twinkle_combined_songs\Twinkle Twinkle_combination_2254.wav
Twinkle Twinkle,2255,OFF,OFF,ON,OFF,ON,OFF,ON,OFF,OFF,ON,ON,ON,OFF,OFF,ON,Combined_Songs\Twinkle Twinkle_combined_songs\Twinkle Twinkle_combination_2255.wav
Twinkle Twinkle,2285,OFF,OFF,ON,OFF,ON,OFF,OFF,ON,ON,OFF,ON,ON,ON,OFF,OFF,Combined_Songs\Twinkle Twinkle_combined_songs\Twinkle Twinkle_combination_2285.wav
Twinkle Twinkle,2286,OFF,OFF,ON,OFF,ON,OFF,OFF,ON,ON,OFF,ON,ON,OFF,ON,OFF,Combined_Songs\Twinkle Twinkle_combined_songs\Twinkle Twinkle_combination_2286.wav
Twinkle Twinkle,2287,OFF,OFF,ON,OFF,ON,OFF,OFF,ON,ON,OFF,ON,ON,OFF,OFF,ON,Combined_Songs\Twinkle Twinkle_combined_songs\Twinkle Twinkle_combination_2287.wav
Twinkle Twinkle,2301,OFF,OFF,ON,OFF,ON,OFF,OFF,ON,OFF,ON,ON,ON,ON,OFF,OFF,Combined_Songs\Twinkle Twinkle_combined_songs\Twinkle Twinkle_combination_2301.wav
Twinkle Twinkle,2302,OFF,OFF,ON,OFF,ON,OFF,OFF,ON,OFF,ON,ON,ON,OFF,ON,OFF,Combined_Songs\Twinkle Twinkle_combined_songs\Twinkle Twinkle_combination_2302.wav
Twinkle Twinkle,2303,OFF,OFF,ON,OFF,ON,OFF,OFF,ON,OFF,ON,ON,ON,OFF,OFF,ON,Combined_Songs\Twinkle Twinkle_combined_songs\Twinkle Twinkle_combination_2303.wav
Wheels on the Bus,845,ON,OFF,OFF,ON,OFF,ON,OFF,OFF,ON,OFF,ON,ON,ON,OFF,OFF,Combined_Songs\Wheels on the Bus_combined_songs\Wheels on the Bus_combination_845.wav
Wheels on the Bus,846,ON,OFF,OFF,ON,OFF,ON,OFF,OFF,ON,OFF,ON,ON,OFF,ON,OFF,Combined_Songs\Wheels on the Bus_combined_songs\Wheels on the Bus_combination_846.wav
Wheels on the Bus,847,ON,OFF,OFF,ON,OFF,ON,OFF,OFF,ON,OFF,ON,ON,OFF,OFF,ON,Combined_Songs\Wheels on the Bus_combined_songs\Wheels on the Bus_combination_847.wav
Wheels on the Bus,861,ON,OFF,OFF,ON,OFF,ON,OFF,OFF,OFF,ON,ON,ON,ON,OFF,OFF,Combined_Songs\Wheels on the Bus_combined_songs\Wheels on the Bus_combination_861.wav
Wheels on the Bus,862,ON,OFF,OFF,ON,OFF,ON,OFF,OFF,OFF,ON,ON,ON,OFF,ON,OFF,Combined_Songs\Wheels on the Bus_combined_songs\Wheels on the Bus_combination_862.wav
Wheels on the Bus,863,ON,OFF,OFF,ON,OFF,ON,OFF,OFF,OFF,ON,ON,ON,OFF,OFF,ON,Combined_Songs\Wheels on the Bus_combined_songs\Wheels on the Bus_combination_863.wav
Wheels on the Bus,893,ON,OFF,OFF,ON,OFF,OFF,ON,OFF,ON,OFF,ON,ON,ON,OFF,OFF,Combined_Songs\Wheels on the Bus_combined_songs\Wheels on the Bus_combination_893.wav
Wheels on the Bus,894,ON,OFF,OFF,ON,OFF,OFF,ON,OFF,ON,OFF,ON,ON,OFF,ON,OFF,Combined_Songs\Wheels on the Bus_combined_songs\Wheels on the Bus_combination_894.wav
Wheels on the Bus,895,ON,OFF,OFF,ON,OFF,OFF,ON,OFF,ON,OFF,ON,ON,OFF,OFF,ON,Combined_Songs\Wheels on the Bus_combined_songs\Wheels on the Bus_combination_895.wav
Wheels on the Bus,909,ON,OFF,OFF,ON,OFF,OFF,ON,OFF,OFF,ON,ON,ON,ON,OFF,OFF,Combined_Songs\Wheels on the Bus_combined_songs\Wheels on the Bus_combination_909.wav
Wheels on the Bus,910,ON,OFF,OFF,ON,OFF,OFF,ON,OFF,OFF,ON,ON,ON,OFF,ON,OFF,Combined_Songs\Wheels on the Bus_combined_songs\Wheels on the Bus_combination_910.wav
Wheels on the Bus,911,ON,OFF,OFF,ON,OFF,OFF,ON,OFF,OFF,ON,ON,ON,OFF,OFF,ON,Combined_Songs\Wheels on the Bus_combined_songs\Wheels on the Bus_combination_911.wav
Wheels on the Bus,941,ON,OFF,OFF,ON,OFF,OFF,OFF,ON,ON,OFF,ON,ON,ON,OFF,OFF,Combined_Songs\Wheels on the Bus_combined_songs\Wheels on the Bus_combination_941.wav
Wheels on the Bus,942,ON,OFF,OFF,ON,OFF,OFF,OFF,ON,ON,OFF,ON,ON,OFF,ON,OFF,Combined_Songs\Wheels on the Bus_combined_songs\Wheels on the Bus_combination_942.wav
Wheels on the Bus,943,ON,OFF,OFF,ON,OFF,OFF,OFF,ON,ON,OFF,ON,ON,OFF,OFF,ON,Combined_Songs\Wheels on the Bus_combined_songs\Wheels on the Bus_combination_943.wav
Wheels on the Bus,957,ON,OFF,OFF,ON,OFF,OFF,OFF,ON,OFF,ON,ON,ON,ON,OFF,OFF,Combined_Songs\Wheels on the Bus_combined_songs\Wheels on the Bus_combination_957.wav
Wheels on the Bus,958,ON,OFF,OFF,ON,OFF,OFF,OFF,ON,OFF,ON,ON,ON,OFF,ON,OFF,Combined_Songs\Wheels on the Bus_combined_songs\Wheels on the Bus_combination_958.wav
Wheels on the Bus,959,ON,OFF,OFF,ON,OFF,OFF,OFF,ON,OFF,ON,ON,ON,OFF,OFF,ON,Combined_Songs\Wheels on the Bus_combined_songs\Wheels on the Bus_combination_959.wav
Wheels on the Bus,1037,ON,OFF,OFF,OFF,ON,ON,OFF,OFF,ON,OFF,ON,ON,ON,OFF,OFF,Combined_Songs\Wheels on the Bus_combined_songs\Wheels on the Bus_combination_1037.wav
Wheels on the Bus,1038,ON,OFF,OFF,OFF,ON,ON,OFF,OFF,ON,OFF,ON,ON,OFF,ON,OFF,Combined_Songs\Wheels on the Bus_combined_songs\Wheels on the Bus_combination_1038.wav
Wheels on the Bus,1039,ON,OFF,OFF,OFF,ON,ON,OFF,OFF,ON,OFF,ON,ON,OFF,OFF,ON,Combined_Songs\Wheels on the Bus_combined_songs\Wheels on the Bus_combination_1039.wav
Wheels on the Bus,1053,ON,OFF,OFF,OFF,ON,ON,OFF,OFF,OFF,ON,ON,ON,ON,OFF,OFF,Combined_Songs\Wheels on the Bus_combined_songs\Wheels on the Bus_combination_1053.wav
Wheels on the Bus,1054,ON,OFF,OFF,OFF,ON,ON,OFF,OFF,OFF,ON,ON,ON,OFF,ON,OFF,Combined_Songs\Wheels on the Bus_combined_songs\Wheels on the Bus_combination_1054.wav
Wheels on the Bus,1055,ON,OFF,OFF,OFF,ON,ON,OFF,OFF,OFF,ON,ON,ON,OFF,OFF,ON,Combined_Songs\Wheels on the Bus_combined_songs\Wheels on the Bus_combination_1055.wav
Wheels on the Bus,1085,ON,OFF,OFF,OFF,ON,OFF,ON,OFF,ON,OFF,ON,ON,ON,OFF,OFF,Combined_Songs\Wheels on the Bus_combined_songs\Wheels on the Bus_combination_1085.wav
Wheels on the Bus,1086,ON,OFF,OFF,OFF,ON,OFF,ON,OFF,ON,OFF,ON,ON,OFF,ON,OFF,Combined_Songs\Wheels on the Bus_combined_songs\Wheels on the Bus_combination_1086.wav
Wheels on the Bus,1087,ON,OFF,OFF,OFF,ON,OFF,ON,OFF,ON,OFF,ON,ON,OFF,OFF,ON,Combined_Songs\Wheels on the Bus_combined_songs\Wheels on the Bus_combination_1087.wav
Wheels on the Bus,1101,ON,OFF,OFF,OFF,ON,OFF,ON,OFF,OFF,ON,ON,ON,ON,OFF,OFF,Combined_Songs\Wheels on the Bus_combined_songs\Wheels on the Bus_combination_1101.wav
Wheels on the Bus,1102,ON,OFF,OFF,OFF,ON,OFF,ON,OFF,OFF,ON,ON,ON,OFF,ON,OFF,Combined_Songs\Wheels on the Bus_combined_songs\Wheels on the Bus_combination_1102.wav
Wheels on the Bus,1103,ON,OFF,OFF,OFF,ON,OFF,ON,OFF,OFF,ON,ON,ON,OFF,OFF,ON,Combined_Songs\Wheels on the Bus_combined_songs\Wheels on the Bus_combination_1103.wav
Wheels on the Bus,1133,ON,OFF,OFF,OFF,ON,OFF,OFF,ON,ON,OFF,ON,ON,ON,OFF,OFF,Combined_Songs\Wheels on the Bus_combined_songs\Wheels on the Bus_combination_1133.wav
Wheels on the Bus,1134,ON,OFF,OFF,OFF,ON,OFF,OFF,ON,ON,OFF,ON,ON,OFF,ON,OFF,Combined_Songs\Wheels on the Bus_combined_songs\Wheels on the Bus_combination_1134.wav
Wheels on the Bus,1135,ON,OFF,OFF,OFF,ON,OFF,OFF,ON,ON,OFF,ON,ON,OFF,OFF,ON,Combined_Songs\Wheels on the Bus_combined_songs\Wheels on the Bus_combination_1135.wav
Wheels on the Bus,1149,ON,OFF,OFF,OFF,ON,OFF,OFF,ON,OFF,ON,ON,ON,ON,OFF,OFF,Combined_Songs\Wheels on the Bus_combined_songs\Wheels on the Bus_combination_1149.wav
Wheels on the Bus,1150,ON,OFF,OFF,OFF,ON,OFF,OFF,ON,OFF,ON,ON,ON,OFF,ON,OFF,Combined_Songs\Wheels on the Bus_combined_songs\Wheels on the Bus_combination_1150.wav
Wheels on the Bus,1151,ON,OFF,OFF,OFF,ON,OFF,OFF,ON,OFF,ON,ON,ON,OFF,OFF,ON,Combined_Songs\Wheels on the Bus_combined_songs\Wheels on the Bus_combination_1151.wav
Wheels on the Bus,1421,OFF,ON,OFF,ON,OFF,ON,OFF,OFF,ON,OFF,ON,ON,ON,OFF,OFF,Combined_Songs\Wheels on the Bus_combined_songs\Wheels on the Bus_combination_1421.wav
Wheels on the Bus,1422,OFF,ON,OFF,ON,OFF,ON,OFF,OFF,ON,OFF,ON,ON,OFF,ON,OFF,Combined_Songs\Wheels on the Bus_combined_songs\Wheels on the Bus_combination_1422.wav
Wheels on the Bus,1423,OFF,ON,OFF,ON,OFF,ON,OFF,OFF,ON,OFF,ON,ON,OFF,OFF,ON,Combined_Songs\Wheels on the Bus_combined_songs\Wheels on the Bus_combination_1423.wav
Wheels on the Bus,1437,OFF,ON,OFF,ON,OFF,ON,OFF,OFF,OFF,ON,ON,ON,ON,OFF,OFF,Combined_Songs\Wheels on the Bus_combined_songs\Wheels on the Bus_combination_1437.wav
Wheels on the Bus,1438,OFF,ON,OFF,ON,OFF,ON,OFF,OFF,OFF,ON,ON,ON,OFF,ON,OFF,Combined_Songs\Wheels on the Bus_combined_songs\Wheels on the Bus_combination_1438.wav
Wheels on the Bus,1439,OFF,ON,OFF,ON,OFF,ON,OFF,OFF,OFF,ON,ON,ON,OFF,OFF,ON,Combined_Songs\Wheels on the Bus_combined_songs\Wheels on the Bus_combination_1439.wav
Wheels on the Bus,1469,OFF,ON,OFF,ON,OFF,OFF,ON,OFF,ON,OFF,ON,ON,ON,OFF,OFF,Combined_Songs\Wheels on the Bus_combined_songs\Wheels on the Bus_combination_1469.wav
Wheels on the Bus,1470,OFF,ON,OFF,ON,OFF,OFF,ON,OFF,ON,OFF,ON,ON,OFF,ON,OFF,Combined_Songs\Wheels on the Bus_combined_songs\Wheels on the Bus_combination_1470.wav
Wheels on the Bus,1471,OFF,ON,OFF,ON,OFF,OFF,ON,OFF,ON,OFF,ON,ON,OFF,OFF,ON,Combined_Songs\Wheels on the Bus_combined_songs\Wheels on the Bus_combination_1471.wav
Wheels on the Bus,1485,OFF,ON,OFF,ON,OFF,OFF,ON,OFF,OFF,ON,ON,ON,ON,OFF,OFF,Combined_Songs\Wheels on the Bus_combined_songs\Wheels on the Bus_combination_1485.wav
Wheels on the Bus,1486,OFF,ON,OFF,ON,OFF,OFF,ON,OFF,OFF,ON,ON,ON,OFF,ON,OFF,Combined_Songs\Wheels on the Bus_combined_songs\Wheels on the Bus_combination_1486.wav
Wheels on the Bus,1487,OFF,ON,OFF,ON,OFF,OFF,ON,OFF,OFF,ON,ON,ON,OFF,OFF,ON,Combined_Songs\Wheels on the Bus_combined_songs\Wheels on the Bus_combination_1487.wav
Wheels on the Bus,1517,OFF,ON,OFF,ON,OFF,OFF,OFF,ON,ON,OFF,ON,ON,ON,OFF,OFF,Combined_Songs\Wheels on the Bus_combined_songs\Wheels on the Bus_combination_1517.wav
Wheels on the Bus,1518,OFF,ON,OFF,ON,OFF,OFF,OFF,ON,ON,OFF,ON,ON,OFF,ON,OFF,Combined_Songs\Wheels on the Bus_combined_songs\Wheels on the Bus_combination_1518.wav
Wheels on the Bus,1519,OFF,ON,OFF,ON,OFF,OFF,OFF,ON,ON,OFF,ON,ON,OFF,OFF,ON,Combined_Songs\Wheels on the Bus_combined_songs\Wheels on the Bus_combination_1519.wav
Wheels on the Bus,1533,OFF,ON,OFF,ON,OFF,OFF,OFF,ON,OFF,ON,ON,ON,ON,OFF,OFF,Combined_Songs\Wheels on the Bus_combined_songs\Wheels on the Bus_combination_1533.wav
Wheels on the Bus,1534,OFF,ON,OFF,ON,OFF,OFF,OFF,ON,OFF,ON,ON,ON,OFF,ON,OFF,Combined_Songs\Wheels on the Bus_combined_songs\Wheels on the Bus_combination_1534.wav
Wheels on the Bus,1535,OFF,ON,OFF,ON,OFF,OFF,OFF,ON,OFF,ON,ON,ON,OFF,OFF,ON,Combined_Songs\Wheels on the Bus_combined_songs\Wheels on the Bus_combination_1535.wav
Wheels on the Bus,1613,OFF,ON,OFF,OFF,ON,ON,OFF,OFF,ON,OFF,ON,ON,ON,OFF,OFF,Combined_Songs\Wheels on the Bus_combined_songs\Wheels on the Bus_combination_1613.wav
Wheels on the Bus,1614,OFF,ON,OFF,OFF,ON,ON,OFF,OFF,ON,OFF,ON,ON,OFF,ON,OFF,Combined_Songs\Wheels on the Bus_combined_songs\Wheels on the Bus_combination_1614.wav
Wheels on the Bus,1615,OFF,ON,OFF,OFF,ON,ON,OFF,OFF,ON,OFF,ON,ON,OFF,OFF,ON,Combined_Songs\Wheels on the Bus_combined_songs\Wheels on the Bus_combination_1615.wav
Wheels on the Bus,1629,OFF,ON,OFF,OFF,ON,ON,OFF,OFF,OFF,ON,ON,ON,ON,OFF,OFF,Combined_Songs\Wheels on the Bus_combined_songs\Wheels on the Bus_combination_1629.wav
Wheels on the Bus,1630,OFF,ON,OFF,OFF,ON,ON,OFF,OFF,OFF,ON,ON,ON,OFF,ON,OFF,Combined_Songs\Wheels on the Bus_combined_songs\Wheels on the Bus_combination_1630.wav
Wheels on the Bus,1631,OFF,ON,OFF,OFF,ON,ON,OFF,OFF,OFF,ON,ON,ON,OFF,OFF,ON,Combined_Songs\Wheels on the Bus_combined_songs\Wheels on the Bus_combination_1631.wav
Wheels on the Bus,1661,OFF,ON,OFF,OFF,ON,OFF,ON,OFF,ON,OFF,ON,ON,ON,OFF,OFF,Combined_Songs\Wheels on the Bus_combined_songs\Wheels on the Bus_combination_1661.wav
Wheels on the Bus,1662,OFF,ON,OFF,OFF,ON,OFF,ON,OFF,ON,OFF,ON,ON,OFF,ON,OFF,Combined_Songs\Wheels on the Bus_combined_songs\Wheels on the Bus_combination_1662.wav
Wheels on the Bus,1663,OFF,ON,OFF,OFF,ON,OFF,ON,OFF,ON,OFF,ON,ON,OFF,OFF,ON,Combined_Songs\Wheels on the Bus_combined_songs\Wheels on the Bus_combination_1663.wav
Wheels on the Bus,1677,OFF,ON,OFF,OFF,ON,OFF,ON,OFF,OFF,ON,ON,ON,ON,OFF,OFF,Combined_Songs\Wheels on the Bus_combined_songs\Wheels on the Bus_combination_1677.wav
Wheels on the Bus,1678,OFF,ON,OFF,OFF,ON,OFF,ON,OFF,OFF,ON,ON,ON,OFF,ON,OFF,Combined_Songs\Wheels on the Bus_combined_songs\Wheels on the Bus_combination_1678.wav
Wheels on the Bus,1679,OFF,ON,OFF,OFF,ON,OFF,ON,OFF,OFF,ON,ON,ON,OFF,OFF,ON,Combined_Songs\Wheels on the Bus_combined_songs\Wheels on the Bus_combination_1679.wav
Wheels on the Bus,1709,OFF,ON,OFF,OFF,ON,OFF,OFF,ON,ON,OFF,ON,ON,ON,OFF,OFF,Combined_Songs\Wheels on the Bus_combined_songs\Wheels on the Bus_combination_1709.wav
Wheels on the Bus,1710,OFF,ON,OFF,OFF,ON,OFF,OFF,ON,ON,OFF,ON,ON,OFF,ON,OFF,Combined_Songs\Wheels on the Bus_combined_songs\Wheels on the Bus_combination_1710.wav
Wheels on the Bus,1711,OFF,ON,OFF,OFF,ON,OFF,OFF,ON,ON,OFF,ON,ON,OFF,OFF,ON,Combined_Songs\Wheels on the Bus_combined_songs\Wheels on the Bus_combination_1711.wav
Wheels on the Bus,1725,OFF,ON,OFF,OFF,ON,OFF,OFF,ON,OFF,ON,ON,ON,ON,OFF,OFF,Combined_Songs\Wheels on the Bus_combined_songs\Wheels on the Bus_combination_1725.wav
Wheels on the Bus,1726,OFF,ON,OFF,OFF,ON,OFF,OFF,ON,OFF,ON,ON,ON,OFF,ON,OFF,Combined_Songs\Wheels on the Bus_combined_songs\Wheels on the Bus_combination_1726.wav
Wheels on the Bus,1727,OFF,ON,OFF,OFF,ON,OFF,OFF,ON,OFF,ON,ON,ON,OFF,OFF,ON,Combined_Songs\Wheels on the Bus_combined_songs\Wheels on the Bus_combination_1727.wav
Wheels on the Bus,1997,OFF,OFF,ON,ON,OFF,ON,OFF,OFF,ON,OFF,ON,ON,ON,OFF,OFF,Combined_Songs\Wheels on the Bus_combined_songs\Wheels on the Bus_combination_1997.wav
Wheels on the Bus,1998,OFF,OFF,ON,ON,OFF,ON,OFF,OFF,ON,OFF,ON,ON,OFF,ON,OFF,Combined_Songs\Wheels on the Bus_combined_songs\Wheels on the Bus_combination_1998.wav
Wheels on the Bus,1999,OFF,OFF,ON,ON,OFF,ON,OFF,OFF,ON,OFF,ON,ON,OFF,OFF,ON,Combined_Songs\Wheels on the Bus_combined_songs\Wheels on the Bus_combination_1999.wav
Wheels on the Bus,2013,OFF,OFF,ON,ON,OFF,ON,OFF,OFF,OFF,ON,ON,ON,ON,OFF,OFF,Combined_Songs\Wheels on the Bus_combined_songs\Wheels on the Bus_combination_2013.wav
Wheels on the Bus,2014,OFF,OFF,ON,ON,OFF,ON,OFF,OFF,OFF,ON,ON,ON,OFF,ON,OFF,Combined_Songs\Wheels on the Bus_combined_songs\Wheels on the Bus_combination_2014.wav
Wheels on the Bus,2015,OFF,OFF,ON,ON,OFF,ON,OFF,OFF,OFF,ON,ON,ON,OFF,OFF,ON,Combined_Songs\Wheels on the Bus_combined_songs\Wheels on the Bus_combination_2015.wav
Wheels on the Bus,2045,OFF,OFF,ON,ON,OFF,OFF,ON,OFF,ON,OFF,ON,ON,ON,OFF,OFF,Combined_Songs\Wheels on the Bus_combined_songs\Wheels on the Bus_combination_2045.wav
Wheels on the Bus,2046,OFF,OFF,ON,ON,OFF,OFF,ON,OFF,ON,OFF,ON,ON,OFF,ON,OFF,Combined_Songs\Wheels on the Bus_combined_songs\Wheels on the Bus_combination_2046.wav
Wheels on the Bus,2047,OFF,OFF,ON,ON,OFF,OFF,ON,OFF,ON,OFF,ON,ON,OFF,OFF,ON,Combined_Songs\Wheels on the Bus_combined_songs\Wheels on the Bus_combination_2047.wav
Wheels on the Bus,2061,OFF,OFF,ON,ON,OFF,OFF,ON,OFF,OFF,ON,ON,ON,ON,OFF,OFF,Combined_Songs\Wheels on the Bus_combined_songs\Wheels on the Bus_combination_2061.wav
Wheels on the Bus,2062,OFF,OFF,ON,ON,OFF,OFF,ON,OFF,OFF,ON,ON,ON,OFF,ON,OFF,Combined_Songs\Wheels on the Bus_combined_songs\Wheels on the Bus_combination_2062.wav
Wheels on the Bus,2063,OFF,OFF,ON,ON,OFF,OFF,ON,OFF,OFF,ON,ON,ON,OFF,OFF,ON,Combined_Songs\Wheels on the Bus_combined_songs\Wheels on the Bus_combination_2063.wav
Wheels on the Bus,2093,OFF,OFF,ON,ON,OFF,OFF,OFF,ON,ON,OFF,ON,ON,ON,OFF,OFF,Combined_Songs\Wheels on the Bus_combined_songs\Wheels on the Bus_combination_2093.wav
Wheels on the Bus,2094,OFF,OFF,ON,ON,OFF,OFF,OFF,ON,ON,OFF,ON,ON,OFF,ON,OFF,Combined_Songs\Wheels on the Bus_combined_songs\Wheels on the Bus_combination_2094.wav
Wheels on the Bus,2095,OFF,OFF,ON,ON,OFF,OFF,OFF,ON,ON,OFF,ON,ON,OFF,OFF,ON,Combined_Songs\Wheels on the Bus_combined_songs\Wheels on the Bus_combination_2095.wav
Wheels on the Bus,2109,OFF,OFF,ON,ON,OFF,OFF,OFF,ON,OFF,ON,ON,ON,ON,OFF,OFF,Combined_Songs\Wheels on the Bus_combined_songs\Wheels on the Bus_combination_2109.wav
Wheels on the Bus,2110,OFF,OFF,ON,ON,OFF,OFF,OFF,ON,OFF,ON,ON,ON,OFF,ON,OFF,Combined_Songs\Wheels on the Bus_combined_songs\Wheels on the Bus_combination_2110.wav
Wheels on the Bus,2111,OFF,OFF,ON,ON,OFF,OFF,OFF,ON,OFF,ON,ON,ON,OFF,OFF,ON,Combined_Songs\Wheels on the Bus_combined_songs\Wheels on the Bus_combination_2111.wav
Wheels on the Bus,2189,OFF,OFF,ON,OFF,ON,ON,OFF,OFF,ON,OFF,ON,ON,ON,OFF,OFF,Combined_Songs\Wheels on the Bus_combined_songs\Wheels on the Bus_combination_2189.wav
Wheels on the Bus,2190,OFF,OFF,ON,OFF,ON,ON,OFF,OFF,ON,OFF,ON,ON,OFF,ON,OFF,Combined_Songs\Wheels on the Bus_combined_songs\Wheels on the Bus_combination_2190.wav
Wheels on the Bus,2191,OFF,OFF,ON,OFF,ON,ON,OFF,OFF,ON,OFF,ON,ON,OFF,OFF,ON,Combined_Songs\Wheels on the Bus_combined_songs\Wheels on the Bus_combination_2191.wav
Wheels on the Bus,2205,OFF,OFF,ON,OFF,ON,ON,OFF,OFF,OFF,ON,ON,ON,ON,OFF,OFF,Combined_Songs\Wheels on the Bus_combined_songs\Wheels on the Bus_combination_2205.wav
Wheels on the Bus,2206,OFF,OFF,ON,OFF,ON,ON,OFF,OFF,OFF,ON,ON,ON,OFF,ON,OFF,Combined_Songs\Wheels on the Bus_combined_songs\Wheels on the Bus_combination_2206.wav
Wheels on the Bus,2207,OFF,OFF,ON,OFF,ON,ON,OFF,OFF,OFF,ON,ON,ON,OFF,OFF,ON,Combined_Songs\Wheels on the Bus_combined_songs\Wheels on the Bus_combination_2207.wav
Wheels on the Bus,2237,OFF,OFF,ON,OFF,ON,OFF,ON,OFF,ON,OFF,ON,ON,ON,OFF,OFF,Combined_Songs\Wheels on the Bus_combined_songs\Wheels on the Bus_combination_2237.wav
Wheels on the Bus,2238,OFF,OFF,ON,OFF,ON,OFF,ON,OFF,ON,OFF,ON,ON,OFF,ON,OFF,Combined_Songs\Wheels on the Bus_combined_songs\Wheels on the Bus_combination_2238.wav
Wheels on the Bus,2239,OFF,OFF,ON,OFF,ON,OFF,ON,OFF,ON,OFF,ON,ON,OFF,OFF,ON,Combined_Songs\Wheels on the Bus_combined_songs\Wheels on the Bus_combination_2239.wav
Wheels on the Bus,2253,OFF,OFF,ON,OFF,ON,OFF,ON,OFF,OFF,ON,ON,ON,ON,OFF,OFF,Combined_Songs\Wheels on the Bus_combined_songs\Wheels on the Bus_combination_2253.wav
Wheels on the Bus,2254,OFF,OFF,ON,OFF,ON,OFF,ON,OFF,OFF,ON,ON,ON,OFF,ON,OFF,Combined_Songs\Wheels on the Bus_combined_songs\Wheels on the Bus_combination_2254.wav
Wheels on the Bus,2255,OFF,OFF,ON,OFF,ON,OFF,ON,OFF,OFF,ON,ON,ON,OFF,OFF,ON,Combined_Songs\Wheels on the Bus_combined_songs\Wheels on the Bus_combination_2255.wav
Wheels on the Bus,2285,OFF,OFF,ON,OFF,ON,OFF,OFF,ON,ON,OFF,ON,ON,ON,OFF,OFF,Combined_Songs\Wheels on the Bus_combined_songs\Wheels on the Bus_combination_2285.wav
Wheels on the Bus,2286,OFF,OFF,ON,OFF,ON,OFF,OFF,ON,ON,OFF,ON,ON,OFF,ON,OFF,Combined_Songs\Wheels on the Bus_combined_songs\Wheels on the Bus_combination_2286.wav
Wheels on the Bus,2287,OFF,OFF,ON,OFF,ON,OFF,OFF,ON,ON,OFF,ON,ON,OFF,OFF,ON,Combined_Songs\Wheels on the Bus_combined_songs\Wheels on the Bus_combination_2287.wav
Wheels on the Bus,2301,OFF,OFF,ON,OFF,ON,OFF,OFF,ON,OFF,ON,ON,ON,ON,OFF,OFF,Combined_Songs\Wheels on the Bus_combined_songs\Wheels on the Bus_combination_2301.wav
Wheels on the Bus,2302,OFF,OFF,ON,OFF,ON,OFF,OFF,ON,OFF,ON,ON,ON,OFF,ON,OFF,Combined_Songs\Wheels on the Bus_combined_songs\Wheels on the Bus_combination_2302.wav
Wheels on the Bus,2303,OFF,OFF,ON,OFF,ON,OFF,OFF,ON,OFF,ON,ON,ON,OFF,OFF,ON,Combined_Songs\Wheels on the Bus_combined_songs\Wheels on the Bus_combination_2303.wav
